"schema","table_name","index_name","is_primary","is_unique","is_valid","is_ready","definition","classification","expected","difference"
"public","ai_comments","ai_comments_clinic_id_comment_date_key","false","true","true","true","CREATE UNIQUE INDEX ai_comments_clinic_id_comment_date_key ON public.ai_comments USING btree (clinic_id, comment_date)","UNCLASSIFIED","UNDECIDED","UNKNOWN"
"public","ai_comments","daily_ai_comments_pkey","true","true","true","true","CREATE UNIQUE INDEX daily_ai_comments_pkey ON public.ai_comments USING btree (id)","UNCLASSIFIED","UNDECIDED","UNKNOWN"
"public","ai_comments","idx_ai_comments_clinic_date","false","false","true","true","CREATE INDEX idx_ai_comments_clinic_date ON public.ai_comments USING btree (clinic_id, comment_date)","UNCLASSIFIED","UNDECIDED","UNKNOWN"
"public","appointments","appointments_number_clinic_unique","false","true","true","true","CREATE UNIQUE INDEX appointments_number_clinic_unique ON public.appointments USING btree (clinic_id, appointment_number)","UNCLASSIFIED","UNDECIDED","UNKNOWN"
"public","appointments","appointments_pkey","true","true","true","true","CREATE UNIQUE INDEX appointments_pkey ON public.appointments USING btree (id)","UNCLASSIFIED","UNDECIDED","UNKNOWN"
"public","appointments","idx_appointments_clinic_date","false","false","true","true","CREATE INDEX idx_appointments_clinic_date ON public.appointments USING btree (clinic_id, appointment_date)","UNCLASSIFIED","UNDECIDED","UNKNOWN"
"public","appointments","idx_appointments_datetime","false","false","true","true","CREATE INDEX idx_appointments_datetime ON public.appointments USING btree (appointment_date, start_time)","UNCLASSIFIED","UNDECIDED","UNKNOWN"
"public","appointments","idx_appointments_patient_id","false","false","true","true","CREATE INDEX idx_appointments_patient_id ON public.appointments USING btree (patient_id)","UNCLASSIFIED","UNDECIDED","UNKNOWN"
"public","appointments","idx_appointments_staff_id","false","false","true","true","CREATE INDEX idx_appointments_staff_id ON public.appointments USING btree (staff_id)","UNCLASSIFIED","UNDECIDED","UNKNOWN"
"public","appointments","idx_appointments_status","false","false","true","true","CREATE INDEX idx_appointments_status ON public.appointments USING btree (status)","UNCLASSIFIED","UNDECIDED","UNKNOWN"
"public","audit_logs","audit_logs_pkey","true","true","true","true","CREATE UNIQUE INDEX audit_logs_pkey ON public.audit_logs USING btree (id)","UNCLASSIFIED","UNDECIDED","UNKNOWN"
"public","audit_logs","idx_audit_logs_clinic_id","false","false","true","true","CREATE INDEX idx_audit_logs_clinic_id ON public.audit_logs USING btree (clinic_id)","UNCLASSIFIED","UNDECIDED","UNKNOWN"
"public","audit_logs","idx_audit_logs_created_at","false","false","true","true","CREATE INDEX idx_audit_logs_created_at ON public.audit_logs USING btree (created_at)","UNCLASSIFIED","UNDECIDED","UNKNOWN"
"public","audit_logs","idx_audit_logs_event_type","false","false","true","true","CREATE INDEX idx_audit_logs_event_type ON public.audit_logs USING btree (event_type)","UNCLASSIFIED","UNDECIDED","UNKNOWN"
"public","audit_logs","idx_audit_logs_target_table","false","false","true","true","CREATE INDEX idx_audit_logs_target_table ON public.audit_logs USING btree (target_table)","UNCLASSIFIED","UNDECIDED","UNKNOWN"
"public","audit_logs","idx_audit_logs_user_id","false","false","true","true","CREATE INDEX idx_audit_logs_user_id ON public.audit_logs USING btree (user_id)","UNCLASSIFIED","UNDECIDED","UNKNOWN"
"public","beta_feedback","beta_feedback_pkey","true","true","true","true","CREATE UNIQUE INDEX beta_feedback_pkey ON public.beta_feedback USING btree (id)","UNCLASSIFIED","UNDECIDED","UNKNOWN"
"public","beta_feedback","idx_beta_feedback_category","false","false","true","true","CREATE INDEX idx_beta_feedback_category ON public.beta_feedback USING btree (category)","UNCLASSIFIED","UNDECIDED","UNKNOWN"
"public","beta_feedback","idx_beta_feedback_clinic_id","false","false","true","true","CREATE INDEX idx_beta_feedback_clinic_id ON public.beta_feedback USING btree (clinic_id)","UNCLASSIFIED","UNDECIDED","UNKNOWN"
"public","beta_feedback","idx_beta_feedback_priority","false","false","true","true","CREATE INDEX idx_beta_feedback_priority ON public.beta_feedback USING btree (priority)","UNCLASSIFIED","UNDECIDED","UNKNOWN"
"public","beta_feedback","idx_beta_feedback_status","false","false","true","true","CREATE INDEX idx_beta_feedback_status ON public.beta_feedback USING btree (status)","UNCLASSIFIED","UNDECIDED","UNKNOWN"
"public","beta_feedback","idx_beta_feedback_user_id","false","false","true","true","CREATE INDEX idx_beta_feedback_user_id ON public.beta_feedback USING btree (user_id)","UNCLASSIFIED","UNDECIDED","UNKNOWN"
"public","beta_usage_metrics","beta_usage_metrics_pkey","true","true","true","true","CREATE UNIQUE INDEX beta_usage_metrics_pkey ON public.beta_usage_metrics USING btree (id)","UNCLASSIFIED","UNDECIDED","UNKNOWN"
"public","beta_usage_metrics","idx_beta_usage_metrics_clinic_id","false","false","true","true","CREATE INDEX idx_beta_usage_metrics_clinic_id ON public.beta_usage_metrics USING btree (clinic_id)","UNCLASSIFIED","UNDECIDED","UNKNOWN"
"public","beta_usage_metrics","idx_beta_usage_metrics_period","false","false","true","true","CREATE INDEX idx_beta_usage_metrics_period ON public.beta_usage_metrics USING btree (period_start, period_end)","UNCLASSIFIED","UNDECIDED","UNKNOWN"
"public","beta_usage_metrics","unique_clinic_period","false","true","true","true","CREATE UNIQUE INDEX unique_clinic_period ON public.beta_usage_metrics USING btree (clinic_id, period_start, period_end)","UNCLASSIFIED","UNDECIDED","UNKNOWN"
"public","billing_audit_logs","billing_audit_logs_event_created_idx","false","false","true","true","CREATE INDEX billing_audit_logs_event_created_idx ON public.billing_audit_logs USING btree (event_type, created_at DESC)","UNCLASSIFIED","UNDECIDED","UNKNOWN"
"public","billing_audit_logs","billing_audit_logs_org_created_idx","false","false","true","true","CREATE INDEX billing_audit_logs_org_created_idx ON public.billing_audit_logs USING btree (org_root_clinic_id, created_at DESC)","UNCLASSIFIED","UNDECIDED","UNKNOWN"
"public","billing_audit_logs","billing_audit_logs_pkey","true","true","true","true","CREATE UNIQUE INDEX billing_audit_logs_pkey ON public.billing_audit_logs USING btree (id)","UNCLASSIFIED","UNDECIDED","UNKNOWN"
"public","billing_audit_logs","billing_audit_logs_stripe_event_idx","false","false","true","true","CREATE INDEX billing_audit_logs_stripe_event_idx ON public.billing_audit_logs USING btree (stripe_event_id) WHERE (stripe_event_id IS NOT NULL)","UNCLASSIFIED","UNDECIDED","UNKNOWN"
"public","billing_overrides","billing_overrides_active_lookup_idx","false","false","true","true","CREATE INDEX billing_overrides_active_lookup_idx ON public.billing_overrides USING btree (org_root_clinic_id, starts_at, expires_at, revoked_at)","UNCLASSIFIED","UNDECIDED","UNKNOWN"
"public","billing_overrides","billing_overrides_expire_idx","false","false","true","true","CREATE INDEX billing_overrides_expire_idx ON public.billing_overrides USING btree (expires_at, expired_audited_at) WHERE (revoked_at IS NULL)","UNCLASSIFIED","UNDECIDED","UNKNOWN"
"public","billing_overrides","billing_overrides_pkey","true","true","true","true","CREATE UNIQUE INDEX billing_overrides_pkey ON public.billing_overrides USING btree (id)","UNCLASSIFIED","UNDECIDED","UNKNOWN"
"public","blocks","blocks_pkey","true","true","true","true","CREATE UNIQUE INDEX blocks_pkey ON public.blocks USING btree (id)","UNCLASSIFIED","UNDECIDED","UNKNOWN"
"public","blocks","idx_blocks_clinic_id","false","false","true","true","CREATE INDEX idx_blocks_clinic_id ON public.blocks USING btree (clinic_id)","UNCLASSIFIED","UNDECIDED","UNKNOWN"
"public","blocks","idx_blocks_clinic_time","false","false","true","true","CREATE INDEX idx_blocks_clinic_time ON public.blocks USING btree (clinic_id, start_time, end_time)","UNCLASSIFIED","UNDECIDED","UNKNOWN"
"public","blocks","idx_blocks_end_time","false","false","true","true","CREATE INDEX idx_blocks_end_time ON public.blocks USING btree (end_time)","UNCLASSIFIED","UNDECIDED","UNKNOWN"
"public","blocks","idx_blocks_is_active","false","false","true","true","CREATE INDEX idx_blocks_is_active ON public.blocks USING btree (is_active) WHERE (is_active = true)","UNCLASSIFIED","UNDECIDED","UNKNOWN"
"public","blocks","idx_blocks_resource_id","false","false","true","true","CREATE INDEX idx_blocks_resource_id ON public.blocks USING btree (resource_id)","UNCLASSIFIED","UNDECIDED","UNKNOWN"
"public","blocks","idx_blocks_resource_time","false","false","true","true","CREATE INDEX idx_blocks_resource_time ON public.blocks USING btree (resource_id, start_time, end_time) WHERE ((is_deleted = false) AND (is_active = true))","UNCLASSIFIED","UNDECIDED","UNKNOWN"
"public","blocks","idx_blocks_start_time","false","false","true","true","CREATE INDEX idx_blocks_start_time ON public.blocks USING btree (start_time)","UNCLASSIFIED","UNDECIDED","UNKNOWN"
"public","calendar_feed_tokens","calendar_feed_tokens_clinic_active_idx","false","false","true","true","CREATE INDEX calendar_feed_tokens_clinic_active_idx ON public.calendar_feed_tokens USING btree (clinic_id, is_active) WHERE (feed_type = 'clinic'::text)","UNCLASSIFIED","UNDECIDED","UNKNOWN"
"public","calendar_feed_tokens","calendar_feed_tokens_created_by_idx","false","false","true","true","CREATE INDEX calendar_feed_tokens_created_by_idx ON public.calendar_feed_tokens USING btree (created_by, created_at DESC)","UNCLASSIFIED","UNDECIDED","UNKNOWN"
"public","calendar_feed_tokens","calendar_feed_tokens_pkey","true","true","true","true","CREATE UNIQUE INDEX calendar_feed_tokens_pkey ON public.calendar_feed_tokens USING btree (id)","UNCLASSIFIED","UNDECIDED","UNKNOWN"
"public","calendar_feed_tokens","calendar_feed_tokens_staff_active_idx","false","false","true","true","CREATE INDEX calendar_feed_tokens_staff_active_idx ON public.calendar_feed_tokens USING btree (staff_profile_id, is_active) WHERE (feed_type = 'staff'::text)","UNCLASSIFIED","UNDECIDED","UNKNOWN"
"public","calendar_feed_tokens","calendar_feed_tokens_staff_clinic_active_idx","false","false","true","true","CREATE INDEX calendar_feed_tokens_staff_clinic_active_idx ON public.calendar_feed_tokens USING btree (staff_profile_id, clinic_id, is_active) WHERE (feed_type = 'staff'::text)","UNCLASSIFIED","UNDECIDED","UNKNOWN"
"public","calendar_feed_tokens","calendar_feed_tokens_token_hash_key","false","true","true","true","CREATE UNIQUE INDEX calendar_feed_tokens_token_hash_key ON public.calendar_feed_tokens USING btree (token_hash)","UNCLASSIFIED","UNDECIDED","UNKNOWN"
"public","care_episodes","care_episodes_pkey","true","true","true","true","CREATE UNIQUE INDEX care_episodes_pkey ON public.care_episodes USING btree (id)","UNCLASSIFIED","UNDECIDED","UNKNOWN"
"public","care_episodes","idx_care_episodes_clinic_customer_status","false","false","true","true","CREATE INDEX idx_care_episodes_clinic_customer_status ON public.care_episodes USING btree (clinic_id, customer_id, status)","UNCLASSIFIED","UNDECIDED","UNKNOWN"
"public","care_episodes","idx_care_episodes_clinic_started_on","false","false","true","true","CREATE INDEX idx_care_episodes_clinic_started_on ON public.care_episodes USING btree (clinic_id, started_on)","UNCLASSIFIED","UNDECIDED","UNKNOWN"
"public","chat_messages","chat_messages_pkey","true","true","true","true","CREATE UNIQUE INDEX chat_messages_pkey ON public.chat_messages USING btree (id)","UNCLASSIFIED","UNDECIDED","UNKNOWN"
"public","chat_messages","idx_chat_messages_session","false","false","true","true","CREATE INDEX idx_chat_messages_session ON public.chat_messages USING btree (session_id)","UNCLASSIFIED","UNDECIDED","UNKNOWN"
"public","chat_messages","idx_chat_messages_session_created_at_desc","false","false","true","true","CREATE INDEX idx_chat_messages_session_created_at_desc ON public.chat_messages USING btree (session_id, created_at DESC)","UNCLASSIFIED","UNDECIDED","UNKNOWN"
"public","chat_sessions","chat_sessions_pkey","true","true","true","true","CREATE UNIQUE INDEX chat_sessions_pkey ON public.chat_sessions USING btree (id)","UNCLASSIFIED","UNDECIDED","UNKNOWN"
"public","chat_sessions","idx_chat_sessions_clinic_updated_at_desc","false","false","true","true","CREATE INDEX idx_chat_sessions_clinic_updated_at_desc ON public.chat_sessions USING btree (clinic_id, updated_at DESC)","UNCLASSIFIED","UNDECIDED","UNKNOWN"
"public","chat_sessions","idx_chat_sessions_user","false","false","true","true","CREATE INDEX idx_chat_sessions_user ON public.chat_sessions USING btree (user_id)","UNCLASSIFIED","UNDECIDED","UNKNOWN"
"public","chat_sessions","idx_chat_sessions_user_clinic","false","false","true","true","CREATE INDEX idx_chat_sessions_user_clinic ON public.chat_sessions USING btree (user_id, clinic_id)","UNCLASSIFIED","UNDECIDED","UNKNOWN"
"public","clinic_feature_flags","clinic_feature_flags_pkey","true","true","true","true","CREATE UNIQUE INDEX clinic_feature_flags_pkey ON public.clinic_feature_flags USING btree (clinic_id)","UNCLASSIFIED","UNDECIDED","UNKNOWN"
"public","clinic_line_credentials","clinic_line_credentials_pkey","true","true","true","true","CREATE UNIQUE INDEX clinic_line_credentials_pkey ON public.clinic_line_credentials USING btree (clinic_id)","UNCLASSIFIED","UNDECIDED","UNKNOWN"
"public","clinic_settings","clinic_settings_clinic_id_category_key","false","true","true","true","CREATE UNIQUE INDEX clinic_settings_clinic_id_category_key ON public.clinic_settings USING btree (clinic_id, category)","UNCLASSIFIED","UNDECIDED","UNKNOWN"
"public","clinic_settings","clinic_settings_pkey","true","true","true","true","CREATE UNIQUE INDEX clinic_settings_pkey ON public.clinic_settings USING btree (id)","UNCLASSIFIED","UNDECIDED","UNKNOWN"
"public","clinic_settings","idx_clinic_settings_category","false","false","true","true","CREATE INDEX idx_clinic_settings_category ON public.clinic_settings USING btree (category)","UNCLASSIFIED","UNDECIDED","UNKNOWN"
"public","clinic_settings","idx_clinic_settings_clinic_id","false","false","true","true","CREATE INDEX idx_clinic_settings_clinic_id ON public.clinic_settings USING btree (clinic_id)","UNCLASSIFIED","UNDECIDED","UNKNOWN"
"public","clinic_settings","idx_clinic_settings_updated_at","false","false","true","true","CREATE INDEX idx_clinic_settings_updated_at ON public.clinic_settings USING btree (updated_at DESC)","UNCLASSIFIED","UNDECIDED","UNKNOWN"
"public","clinics","clinics_billing_activation_pending_idx","false","false","true","true","CREATE INDEX clinics_billing_activation_pending_idx ON public.clinics USING btree (parent_id, billing_activation_status, created_at) WHERE ((parent_id IS NOT NULL) AND (billing_activation_status = ANY (ARRAY['pending_billing'::text, 'billing_failed'::text])))","UNCLASSIFIED","UNDECIDED","UNKNOWN"
"public","clinics","clinics_pkey","true","true","true","true","CREATE UNIQUE INDEX clinics_pkey ON public.clinics USING btree (id)","UNCLASSIFIED","UNDECIDED","UNKNOWN"
"public","clinics","idx_clinics_is_active","false","false","true","true","CREATE INDEX idx_clinics_is_active ON public.clinics USING btree (is_active)","UNCLASSIFIED","UNDECIDED","UNKNOWN"
"public","clinics","idx_clinics_parent_id","false","false","true","true","CREATE INDEX idx_clinics_parent_id ON public.clinics USING btree (parent_id) WHERE (parent_id IS NOT NULL)","UNCLASSIFIED","UNDECIDED","UNKNOWN"
"public","critical_incidents","critical_incidents_pkey","true","true","true","true","CREATE UNIQUE INDEX critical_incidents_pkey ON public.critical_incidents USING btree (id)","UNCLASSIFIED","UNDECIDED","UNKNOWN"
"public","critical_incidents","idx_critical_incidents_detected_at","false","false","true","true","CREATE INDEX idx_critical_incidents_detected_at ON public.critical_incidents USING btree (detected_at)","UNCLASSIFIED","UNDECIDED","UNKNOWN"
"public","critical_incidents","idx_critical_incidents_severity","false","false","true","true","CREATE INDEX idx_critical_incidents_severity ON public.critical_incidents USING btree (severity)","UNCLASSIFIED","UNDECIDED","UNKNOWN"
"public","critical_incidents","idx_critical_incidents_status","false","false","true","true","CREATE INDEX idx_critical_incidents_status ON public.critical_incidents USING btree (status)","UNCLASSIFIED","UNDECIDED","UNKNOWN"
"public","csp_violations","csp_violations_pkey","true","true","true","true","CREATE UNIQUE INDEX csp_violations_pkey ON public.csp_violations USING btree (id)","UNCLASSIFIED","UNDECIDED","UNKNOWN"
"public","csp_violations","idx_csp_violations_clinic_id","false","false","true","true","CREATE INDEX idx_csp_violations_clinic_id ON public.csp_violations USING btree (clinic_id)","UNCLASSIFIED","UNDECIDED","UNKNOWN"
"public","csp_violations","idx_csp_violations_created_at","false","false","true","true","CREATE INDEX idx_csp_violations_created_at ON public.csp_violations USING btree (created_at DESC)","UNCLASSIFIED","UNDECIDED","UNKNOWN"
"public","csp_violations","idx_csp_violations_severity","false","false","true","true","CREATE INDEX idx_csp_violations_severity ON public.csp_violations USING btree (severity)","UNCLASSIFIED","UNDECIDED","UNKNOWN"
"public","customer_insurance_coverages","customer_insurance_coverages_pkey","true","true","true","true","CREATE UNIQUE INDEX customer_insurance_coverages_pkey ON public.customer_insurance_coverages USING btree (id)","UNCLASSIFIED","UNDECIDED","UNKNOWN"
"public","customer_insurance_coverages","idx_customer_insurance_coverages_current_lookup","false","false","true","true","CREATE INDEX idx_customer_insurance_coverages_current_lookup ON public.customer_insurance_coverages USING btree (clinic_id, customer_id, effective_from DESC) WHERE (verification_status = 'confirmed'::text)","UNCLASSIFIED","UNDECIDED","UNKNOWN"
"public","customers","customers_clinic_normalized_phone_idx","false","false","true","true","CREATE INDEX customers_clinic_normalized_phone_idx ON public.customers USING btree (clinic_id, normalized_phone) WHERE ((normalized_phone IS NOT NULL) AND (is_deleted = false))","UNCLASSIFIED","UNDECIDED","UNKNOWN"
"public","customers","customers_id_clinic_unique","false","true","true","true","CREATE UNIQUE INDEX customers_id_clinic_unique ON public.customers USING btree (id, clinic_id)","UNCLASSIFIED","UNDECIDED","UNKNOWN"
"public","customers","customers_line_user_id_key","false","true","true","true","CREATE UNIQUE INDEX customers_line_user_id_key ON public.customers USING btree (line_user_id)","UNCLASSIFIED","UNDECIDED","UNKNOWN"
"public","customers","customers_pkey","true","true","true","true","CREATE UNIQUE INDEX customers_pkey ON public.customers USING btree (id)","UNCLASSIFIED","UNDECIDED","UNKNOWN"
"public","customers","idx_customers_clinic_active","false","false","true","true","CREATE INDEX idx_customers_clinic_active ON public.customers USING btree (clinic_id) WHERE (is_deleted = false)","UNCLASSIFIED","UNDECIDED","UNKNOWN"
"public","customers","idx_customers_clinic_id","false","false","true","true","CREATE INDEX idx_customers_clinic_id ON public.customers USING btree (clinic_id)","UNCLASSIFIED","UNDECIDED","UNKNOWN"
"public","customers","idx_customers_created_at","false","false","true","true","CREATE INDEX idx_customers_created_at ON public.customers USING btree (created_at DESC)","UNCLASSIFIED","UNDECIDED","UNKNOWN"
"public","customers","idx_customers_email","false","false","true","true","CREATE INDEX idx_customers_email ON public.customers USING btree (email)","UNCLASSIFIED","UNDECIDED","UNKNOWN"
"public","customers","idx_customers_is_deleted","false","false","true","true","CREATE INDEX idx_customers_is_deleted ON public.customers USING btree (is_deleted) WHERE (is_deleted = false)","UNCLASSIFIED","UNDECIDED","UNKNOWN"
"public","customers","idx_customers_last_visit","false","false","true","true","CREATE INDEX idx_customers_last_visit ON public.customers USING btree (last_visit_date DESC NULLS LAST)","UNCLASSIFIED","UNDECIDED","UNKNOWN"
"public","customers","idx_customers_line_user_id","false","false","true","true","CREATE INDEX idx_customers_line_user_id ON public.customers USING btree (line_user_id)","UNCLASSIFIED","UNDECIDED","UNKNOWN"
"public","customers","idx_customers_name_trgm","false","false","true","true","CREATE INDEX idx_customers_name_trgm ON public.customers USING gin (name gin_trgm_ops)","UNCLASSIFIED","UNDECIDED","UNKNOWN"
"public","customers","idx_customers_phone","false","false","true","true","CREATE INDEX idx_customers_phone ON public.customers USING btree (phone)","UNCLASSIFIED","UNDECIDED","UNKNOWN"
"public","daily_report_item_tag_definitions","daily_report_item_tag_definitions_pkey","true","true","true","true","CREATE UNIQUE INDEX daily_report_item_tag_definitions_pkey ON public.daily_report_item_tag_definitions USING btree (code)","UNCLASSIFIED","UNDECIDED","UNKNOWN"
"public","daily_report_item_tags","daily_report_item_tags_pkey","true","true","true","true","CREATE UNIQUE INDEX daily_report_item_tags_pkey ON public.daily_report_item_tags USING btree (id)","UNCLASSIFIED","UNDECIDED","UNKNOWN"
"public","daily_report_item_tags","daily_report_item_tags_unique","false","true","true","true","CREATE UNIQUE INDEX daily_report_item_tags_unique ON public.daily_report_item_tags USING btree (daily_report_item_id, tag_code)","UNCLASSIFIED","UNDECIDED","UNKNOWN"
"public","daily_report_item_tags","idx_daily_report_item_tags_clinic_item","false","false","true","true","CREATE INDEX idx_daily_report_item_tags_clinic_item ON public.daily_report_item_tags USING btree (clinic_id, daily_report_item_id)","UNCLASSIFIED","UNDECIDED","UNKNOWN"
"public","daily_report_item_tags","idx_daily_report_item_tags_clinic_tag","false","false","true","true","CREATE INDEX idx_daily_report_item_tags_clinic_tag ON public.daily_report_item_tags USING btree (clinic_id, tag_code)","UNCLASSIFIED","UNDECIDED","UNKNOWN"
"public","daily_report_items","daily_report_items_clinic_reservation_unique","false","true","true","true","CREATE UNIQUE INDEX daily_report_items_clinic_reservation_unique ON public.daily_report_items USING btree (clinic_id, reservation_id) WHERE (reservation_id IS NOT NULL)","UNCLASSIFIED","UNDECIDED","UNKNOWN"
"public","daily_report_items","daily_report_items_pkey","true","true","true","true","CREATE UNIQUE INDEX daily_report_items_pkey ON public.daily_report_items USING btree (id)","UNCLASSIFIED","UNDECIDED","UNKNOWN"
"public","daily_report_items","idx_daily_report_items_care_episode","false","false","true","true","CREATE INDEX idx_daily_report_items_care_episode ON public.daily_report_items USING btree (clinic_id, care_episode_id, report_date)","UNCLASSIFIED","UNDECIDED","UNKNOWN"
"public","daily_report_items","idx_daily_report_items_clinic_date_created_at","false","false","true","true","CREATE INDEX idx_daily_report_items_clinic_date_created_at ON public.daily_report_items USING btree (clinic_id, report_date, created_at)","UNCLASSIFIED","UNDECIDED","UNKNOWN"
"public","daily_report_items","idx_daily_report_items_coverage","false","false","true","true","CREATE INDEX idx_daily_report_items_coverage ON public.daily_report_items USING btree (clinic_id, customer_insurance_coverage_id) WHERE (customer_insurance_coverage_id IS NOT NULL)","UNCLASSIFIED","UNDECIDED","UNKNOWN"
"public","daily_report_items","idx_daily_report_items_daily_report_id","false","false","true","true","CREATE INDEX idx_daily_report_items_daily_report_id ON public.daily_report_items USING btree (daily_report_id)","UNCLASSIFIED","UNDECIDED","UNKNOWN"
"public","daily_report_items","idx_daily_report_items_estimate_status","false","false","true","true","CREATE INDEX idx_daily_report_items_estimate_status ON public.daily_report_items USING btree (clinic_id, report_date, estimate_status)","UNCLASSIFIED","UNDECIDED","UNKNOWN"
"public","daily_report_items","idx_daily_report_items_next_reservation_id","false","false","true","true","CREATE INDEX idx_daily_report_items_next_reservation_id ON public.daily_report_items USING btree (next_reservation_id)","UNCLASSIFIED","UNDECIDED","UNKNOWN"
"public","daily_report_items","idx_daily_report_items_payment_method_id","false","false","true","true","CREATE INDEX idx_daily_report_items_payment_method_id ON public.daily_report_items USING btree (payment_method_id)","UNCLASSIFIED","UNDECIDED","UNKNOWN"
"public","daily_report_items","idx_daily_report_items_revenue_context","false","false","true","true","CREATE INDEX idx_daily_report_items_revenue_context ON public.daily_report_items USING btree (clinic_id, report_date, revenue_context_code)","UNCLASSIFIED","UNDECIDED","UNKNOWN"
"public","daily_report_items","idx_daily_report_items_staff_context_date","false","false","true","true","CREATE INDEX idx_daily_report_items_staff_context_date ON public.daily_report_items USING btree (clinic_id, staff_resource_id, revenue_context_code, report_date)","UNCLASSIFIED","UNDECIDED","UNKNOWN"
"public","daily_report_items","idx_daily_report_items_visit_stage","false","false","true","true","CREATE INDEX idx_daily_report_items_visit_stage ON public.daily_report_items USING btree (clinic_id, visit_stage_code, report_date)","UNCLASSIFIED","UNDECIDED","UNKNOWN"
"public","daily_reports","daily_reports_clinic_id_report_date_key","false","true","true","true","CREATE UNIQUE INDEX daily_reports_clinic_id_report_date_key ON public.daily_reports USING btree (clinic_id, report_date)","UNCLASSIFIED","UNDECIDED","UNKNOWN"
"public","daily_reports","daily_reports_pkey","true","true","true","true","CREATE UNIQUE INDEX daily_reports_pkey ON public.daily_reports USING btree (id)","UNCLASSIFIED","UNDECIDED","UNKNOWN"
"public","daily_reservation_stats","idx_daily_stats_date_staff","false","true","true","true","CREATE UNIQUE INDEX idx_daily_stats_date_staff ON public.daily_reservation_stats USING btree (reservation_date, staff_id)","UNCLASSIFIED","UNDECIDED","UNKNOWN"
"public","email_logs","email_logs_clinic_idx","false","false","true","true","CREATE INDEX email_logs_clinic_idx ON public.email_logs USING btree (clinic_id, created_at DESC)","UNCLASSIFIED","UNDECIDED","UNKNOWN"
"public","email_logs","email_logs_outbox_idx","false","false","true","true","CREATE INDEX email_logs_outbox_idx ON public.email_logs USING btree (outbox_id, created_at)","UNCLASSIFIED","UNDECIDED","UNKNOWN"
"public","email_logs","email_logs_pkey","true","true","true","true","CREATE UNIQUE INDEX email_logs_pkey ON public.email_logs USING btree (id)","UNCLASSIFIED","UNDECIDED","UNKNOWN"
"public","email_outbox","email_outbox_clinic_idx","false","false","true","true","CREATE INDEX email_outbox_clinic_idx ON public.email_outbox USING btree (clinic_id, created_at DESC)","UNCLASSIFIED","UNDECIDED","UNKNOWN"
"public","email_outbox","email_outbox_dedupe_key_uidx","false","true","true","true","CREATE UNIQUE INDEX email_outbox_dedupe_key_uidx ON public.email_outbox USING btree (dedupe_key)","UNCLASSIFIED","UNDECIDED","UNKNOWN"
"public","email_outbox","email_outbox_pending_idx","false","false","true","true","CREATE INDEX email_outbox_pending_idx ON public.email_outbox USING btree (status, next_attempt_at, created_at)","UNCLASSIFIED","UNDECIDED","UNKNOWN"
"public","email_outbox","email_outbox_pkey","true","true","true","true","CREATE UNIQUE INDEX email_outbox_pkey ON public.email_outbox USING btree (id)","UNCLASSIFIED","UNDECIDED","UNKNOWN"
"public","encryption_keys","encryption_keys_key_name_key","false","true","true","true","CREATE UNIQUE INDEX encryption_keys_key_name_key ON public.encryption_keys USING btree (key_name)","UNCLASSIFIED","UNDECIDED","UNKNOWN"
"public","encryption_keys","encryption_keys_pkey","true","true","true","true","CREATE UNIQUE INDEX encryption_keys_pkey ON public.encryption_keys USING btree (id)","UNCLASSIFIED","UNDECIDED","UNKNOWN"
"public","improvement_backlog","idx_improvement_backlog_assigned_to","false","false","true","true","CREATE INDEX idx_improvement_backlog_assigned_to ON public.improvement_backlog USING btree (assigned_to)","UNCLASSIFIED","UNDECIDED","UNKNOWN"
"public","improvement_backlog","idx_improvement_backlog_category","false","false","true","true","CREATE INDEX idx_improvement_backlog_category ON public.improvement_backlog USING btree (category)","UNCLASSIFIED","UNDECIDED","UNKNOWN"
"public","improvement_backlog","idx_improvement_backlog_created_at","false","false","true","true","CREATE INDEX idx_improvement_backlog_created_at ON public.improvement_backlog USING btree (created_at DESC)","UNCLASSIFIED","UNDECIDED","UNKNOWN"
"public","improvement_backlog","idx_improvement_backlog_milestone","false","false","true","true","CREATE INDEX idx_improvement_backlog_milestone ON public.improvement_backlog USING btree (milestone)","UNCLASSIFIED","UNDECIDED","UNKNOWN"
"public","improvement_backlog","idx_improvement_backlog_priority","false","false","true","true","CREATE INDEX idx_improvement_backlog_priority ON public.improvement_backlog USING btree (priority)","UNCLASSIFIED","UNDECIDED","UNKNOWN"
"public","improvement_backlog","idx_improvement_backlog_status","false","false","true","true","CREATE INDEX idx_improvement_backlog_status ON public.improvement_backlog USING btree (status)","UNCLASSIFIED","UNDECIDED","UNKNOWN"
"public","improvement_backlog","improvement_backlog_pkey","true","true","true","true","CREATE UNIQUE INDEX improvement_backlog_pkey ON public.improvement_backlog USING btree (id)","UNCLASSIFIED","UNDECIDED","UNKNOWN"
"public","insurance_fee_items","idx_insurance_fee_items_schedule_auto_amount_guard","false","false","true","true","CREATE INDEX idx_insurance_fee_items_schedule_auto_amount_guard ON public.insurance_fee_items USING btree (schedule_code) WHERE ((amount_yen IS NOT NULL) OR (manual_amount_required = false) OR (auto_calculation_allowed = true))","UNCLASSIFIED","UNDECIDED","UNKNOWN"
"public","insurance_fee_items","idx_insurance_fee_items_schedule_sort","false","false","true","true","CREATE INDEX idx_insurance_fee_items_schedule_sort ON public.insurance_fee_items USING btree (schedule_code, sort_order, item_code)","UNCLASSIFIED","UNDECIDED","UNKNOWN"
"public","insurance_fee_items","insurance_fee_items_pkey","true","true","true","true","CREATE UNIQUE INDEX insurance_fee_items_pkey ON public.insurance_fee_items USING btree (id)","UNCLASSIFIED","UNDECIDED","UNKNOWN"
"public","insurance_fee_items","insurance_fee_items_unique_schedule_item","false","true","true","true","CREATE UNIQUE INDEX insurance_fee_items_unique_schedule_item ON public.insurance_fee_items USING btree (schedule_code, item_code)","UNCLASSIFIED","UNDECIDED","UNKNOWN"
"public","insurance_fee_revision_diffs","idx_insurance_fee_revision_diffs_schedule_pair","false","false","true","true","CREATE INDEX idx_insurance_fee_revision_diffs_schedule_pair ON public.insurance_fee_revision_diffs USING btree (old_schedule_code, new_schedule_code, item_code)","UNCLASSIFIED","UNDECIDED","UNKNOWN"
"public","insurance_fee_revision_diffs","insurance_fee_revision_diffs_pkey","true","true","true","true","CREATE UNIQUE INDEX insurance_fee_revision_diffs_pkey ON public.insurance_fee_revision_diffs USING btree (id)","UNCLASSIFIED","UNDECIDED","UNKNOWN"
"public","insurance_fee_schedules","idx_insurance_fee_schedules_active_resolver","false","false","true","true","CREATE INDEX idx_insurance_fee_schedules_active_resolver ON public.insurance_fee_schedules USING btree (profession_type, payer_context_code, effective_from, effective_to) WHERE (schedule_status = 'active'::text)","UNCLASSIFIED","UNDECIDED","UNKNOWN"
"public","insurance_fee_schedules","insurance_fee_schedules_pkey","true","true","true","true","CREATE UNIQUE INDEX insurance_fee_schedules_pkey ON public.insurance_fee_schedules USING btree (id)","UNCLASSIFIED","UNDECIDED","UNKNOWN"
"public","insurance_fee_schedules","insurance_fee_schedules_schedule_code_unique","false","true","true","true","CREATE UNIQUE INDEX insurance_fee_schedules_schedule_code_unique ON public.insurance_fee_schedules USING btree (schedule_code)","UNCLASSIFIED","UNDECIDED","UNKNOWN"
"public","insurance_fee_source_snapshots","idx_insurance_fee_source_snapshots_source_recorded","false","false","true","true","CREATE INDEX idx_insurance_fee_source_snapshots_source_recorded ON public.insurance_fee_source_snapshots USING btree (source_id, fetched_or_recorded_at)","UNCLASSIFIED","UNDECIDED","UNKNOWN"
"public","insurance_fee_source_snapshots","insurance_fee_source_snapshots_content_hash_unique","false","true","true","true","CREATE UNIQUE INDEX insurance_fee_source_snapshots_content_hash_unique ON public.insurance_fee_source_snapshots USING btree (content_hash)","UNCLASSIFIED","UNDECIDED","UNKNOWN"
"public","insurance_fee_source_snapshots","insurance_fee_source_snapshots_pkey","true","true","true","true","CREATE UNIQUE INDEX insurance_fee_source_snapshots_pkey ON public.insurance_fee_source_snapshots USING btree (id)","UNCLASSIFIED","UNDECIDED","UNKNOWN"
"public","insurance_fee_source_snapshots","insurance_fee_source_snapshots_source_hash_unique","false","true","true","true","CREATE UNIQUE INDEX insurance_fee_source_snapshots_source_hash_unique ON public.insurance_fee_source_snapshots USING btree (source_id, content_hash)","UNCLASSIFIED","UNDECIDED","UNKNOWN"
"public","insurance_fee_sources","insurance_fee_sources_pkey","true","true","true","true","CREATE UNIQUE INDEX insurance_fee_sources_pkey ON public.insurance_fee_sources USING btree (source_id)","UNCLASSIFIED","UNDECIDED","UNKNOWN"
"public","insurance_fee_warning_definitions","insurance_fee_warning_definitions_pkey","true","true","true","true","CREATE UNIQUE INDEX insurance_fee_warning_definitions_pkey ON public.insurance_fee_warning_definitions USING btree (warning_code)","UNCLASSIFIED","UNDECIDED","UNKNOWN"
"public","internal_job_runs","internal_job_runs_pkey","true","true","true","true","CREATE UNIQUE INDEX internal_job_runs_pkey ON public.internal_job_runs USING btree (job_name)","UNCLASSIFIED","UNDECIDED","UNKNOWN"
"public","line_message_outbox","line_message_outbox_clinic_created_idx","false","false","true","true","CREATE INDEX line_message_outbox_clinic_created_idx ON public.line_message_outbox USING btree (clinic_id, created_at DESC)","UNCLASSIFIED","UNDECIDED","UNKNOWN"
"public","line_message_outbox","line_message_outbox_pending_idx","false","false","true","true","CREATE INDEX line_message_outbox_pending_idx ON public.line_message_outbox USING btree (status, next_attempt_at, created_at) WHERE (status = 'pending'::text)","UNCLASSIFIED","UNDECIDED","UNKNOWN"
"public","line_message_outbox","line_message_outbox_pkey","true","true","true","true","CREATE UNIQUE INDEX line_message_outbox_pkey ON public.line_message_outbox USING btree (id)","UNCLASSIFIED","UNDECIDED","UNKNOWN"
"public","manager_clinic_assignments","manager_clinic_assignments_active_unique","false","true","true","true","CREATE UNIQUE INDEX manager_clinic_assignments_active_unique ON public.manager_clinic_assignments USING btree (manager_user_id, clinic_id) WHERE (revoked_at IS NULL)","UNCLASSIFIED","UNDECIDED","UNKNOWN"
"public","manager_clinic_assignments","manager_clinic_assignments_assigned_at_idx","false","false","true","true","CREATE INDEX manager_clinic_assignments_assigned_at_idx ON public.manager_clinic_assignments USING btree (assigned_at DESC)","UNCLASSIFIED","UNDECIDED","UNKNOWN"
"public","manager_clinic_assignments","manager_clinic_assignments_clinic_active_idx","false","false","true","true","CREATE INDEX manager_clinic_assignments_clinic_active_idx ON public.manager_clinic_assignments USING btree (clinic_id, manager_user_id) WHERE (revoked_at IS NULL)","UNCLASSIFIED","UNDECIDED","UNKNOWN"
"public","manager_clinic_assignments","manager_clinic_assignments_pkey","true","true","true","true","CREATE UNIQUE INDEX manager_clinic_assignments_pkey ON public.manager_clinic_assignments USING btree (id)","UNCLASSIFIED","UNDECIDED","UNKNOWN"
"public","manager_clinic_assignments","manager_clinic_assignments_revoked_at_idx","false","false","true","true","CREATE INDEX manager_clinic_assignments_revoked_at_idx ON public.manager_clinic_assignments USING btree (revoked_at) WHERE (revoked_at IS NOT NULL)","UNCLASSIFIED","UNDECIDED","UNKNOWN"
"public","master_categories","master_categories_name_key","false","true","true","true","CREATE UNIQUE INDEX master_categories_name_key ON public.master_categories USING btree (name)","UNCLASSIFIED","UNDECIDED","UNKNOWN"
"public","master_categories","master_categories_pkey","true","true","true","true","CREATE UNIQUE INDEX master_categories_pkey ON public.master_categories USING btree (id)","UNCLASSIFIED","UNDECIDED","UNKNOWN"
"public","master_patient_types","master_patient_types_name_key","false","true","true","true","CREATE UNIQUE INDEX master_patient_types_name_key ON public.master_patient_types USING btree (name)","UNCLASSIFIED","UNDECIDED","UNKNOWN"
"public","master_patient_types","master_patient_types_pkey","true","true","true","true","CREATE UNIQUE INDEX master_patient_types_pkey ON public.master_patient_types USING btree (id)","UNCLASSIFIED","UNDECIDED","UNKNOWN"
"public","master_payment_methods","master_payment_methods_name_key","false","true","true","true","CREATE UNIQUE INDEX master_payment_methods_name_key ON public.master_payment_methods USING btree (name)","UNCLASSIFIED","UNDECIDED","UNKNOWN"
"public","master_payment_methods","master_payment_methods_pkey","true","true","true","true","CREATE UNIQUE INDEX master_payment_methods_pkey ON public.master_payment_methods USING btree (id)","UNCLASSIFIED","UNDECIDED","UNKNOWN"
"public","menu_billing_profiles","idx_menu_billing_profiles_resolve","false","false","true","true","CREATE INDEX idx_menu_billing_profiles_resolve ON public.menu_billing_profiles USING btree (clinic_id, menu_id, revenue_context_code, effective_from DESC) WHERE ((is_active = true) AND (is_deleted = false))","UNCLASSIFIED","UNDECIDED","UNKNOWN"
"public","menu_billing_profiles","menu_billing_profiles_pkey","true","true","true","true","CREATE UNIQUE INDEX menu_billing_profiles_pkey ON public.menu_billing_profiles USING btree (id)","UNCLASSIFIED","UNDECIDED","UNKNOWN"
"public","menu_categories","menu_categories_name_key","false","true","true","true","CREATE UNIQUE INDEX menu_categories_name_key ON public.menu_categories USING btree (name)","UNCLASSIFIED","UNDECIDED","UNKNOWN"
"public","menu_categories","menu_categories_pkey","true","true","true","true","CREATE UNIQUE INDEX menu_categories_pkey ON public.menu_categories USING btree (id)","UNCLASSIFIED","UNDECIDED","UNKNOWN"
"public","menu_template_billing_profiles","idx_menu_template_billing_profiles_resolve","false","false","true","true","CREATE INDEX idx_menu_template_billing_profiles_resolve ON public.menu_template_billing_profiles USING btree (owner_clinic_id, menu_template_id, revenue_context_code, effective_from DESC) WHERE ((is_active = true) AND (is_deleted = false))","UNCLASSIFIED","UNDECIDED","UNKNOWN"
"public","menu_template_billing_profiles","menu_template_billing_profiles_pkey","true","true","true","true","CREATE UNIQUE INDEX menu_template_billing_profiles_pkey ON public.menu_template_billing_profiles USING btree (id)","UNCLASSIFIED","UNDECIDED","UNKNOWN"
"public","menu_templates","idx_menu_templates_active_order","false","false","true","true","CREATE INDEX idx_menu_templates_active_order ON public.menu_templates USING btree (owner_clinic_id, is_active, display_order, name) WHERE (is_deleted = false)","UNCLASSIFIED","UNDECIDED","UNKNOWN"
"public","menu_templates","idx_menu_templates_owner_clinic","false","false","true","true","CREATE INDEX idx_menu_templates_owner_clinic ON public.menu_templates USING btree (owner_clinic_id) WHERE (is_deleted = false)","UNCLASSIFIED","UNDECIDED","UNKNOWN"
"public","menu_templates","menu_templates_pkey","true","true","true","true","CREATE UNIQUE INDEX menu_templates_pkey ON public.menu_templates USING btree (id)","UNCLASSIFIED","UNDECIDED","UNKNOWN"
"public","menus","idx_menus_category","false","false","true","true","CREATE INDEX idx_menus_category ON public.menus USING btree (category)","UNCLASSIFIED","UNDECIDED","UNKNOWN"
"public","menus","idx_menus_category_id","false","false","true","true","CREATE INDEX idx_menus_category_id ON public.menus USING btree (category_id)","UNCLASSIFIED","UNDECIDED","UNKNOWN"
"public","menus","idx_menus_clinic_active","false","false","true","true","CREATE INDEX idx_menus_clinic_active ON public.menus USING btree (clinic_id, is_active) WHERE (is_deleted = false)","UNCLASSIFIED","UNDECIDED","UNKNOWN"
"public","menus","idx_menus_clinic_code_unique","false","true","true","true","CREATE UNIQUE INDEX idx_menus_clinic_code_unique ON public.menus USING btree (clinic_id, code) WHERE (code IS NOT NULL)","UNCLASSIFIED","UNDECIDED","UNKNOWN"
"public","menus","idx_menus_clinic_id","false","false","true","true","CREATE INDEX idx_menus_clinic_id ON public.menus USING btree (clinic_id)","UNCLASSIFIED","UNDECIDED","UNKNOWN"
"public","menus","idx_menus_code","false","false","true","true","CREATE INDEX idx_menus_code ON public.menus USING btree (code)","UNCLASSIFIED","UNDECIDED","UNKNOWN"
"public","menus","idx_menus_display_order","false","false","true","true","CREATE INDEX idx_menus_display_order ON public.menus USING btree (display_order)","UNCLASSIFIED","UNDECIDED","UNKNOWN"
"public","menus","idx_menus_is_active","false","false","true","true","CREATE INDEX idx_menus_is_active ON public.menus USING btree (is_active) WHERE (is_active = true)","UNCLASSIFIED","UNDECIDED","UNKNOWN"
"public","menus","idx_menus_is_public","false","false","true","true","CREATE INDEX idx_menus_is_public ON public.menus USING btree (is_public) WHERE (is_public = true)","UNCLASSIFIED","UNDECIDED","UNKNOWN"
"public","menus","idx_menus_treatment_type","false","false","true","true","CREATE INDEX idx_menus_treatment_type ON public.menus USING btree (treatment_type)","UNCLASSIFIED","UNDECIDED","UNKNOWN"
"public","menus","menus_pkey","true","true","true","true","CREATE UNIQUE INDEX menus_pkey ON public.menus USING btree (id)","UNCLASSIFIED","UNDECIDED","UNKNOWN"
"public","mfa_setup_sessions","idx_mfa_setup_expires","false","false","true","true","CREATE INDEX idx_mfa_setup_expires ON public.mfa_setup_sessions USING btree (expires_at) WHERE (completed_at IS NULL)","UNCLASSIFIED","UNDECIDED","UNKNOWN"
"public","mfa_setup_sessions","idx_mfa_setup_user_id","false","false","true","true","CREATE INDEX idx_mfa_setup_user_id ON public.mfa_setup_sessions USING btree (user_id)","UNCLASSIFIED","UNDECIDED","UNKNOWN"
"public","mfa_setup_sessions","mfa_setup_sessions_pkey","true","true","true","true","CREATE UNIQUE INDEX mfa_setup_sessions_pkey ON public.mfa_setup_sessions USING btree (id)","UNCLASSIFIED","UNDECIDED","UNKNOWN"
"public","mfa_usage_stats","idx_mfa_stats_clinic_period","false","false","true","true","CREATE INDEX idx_mfa_stats_clinic_period ON public.mfa_usage_stats USING btree (clinic_id, period_start, period_end)","UNCLASSIFIED","UNDECIDED","UNKNOWN"
"public","mfa_usage_stats","mfa_usage_stats_clinic_id_period_start_period_end_key","false","true","true","true","CREATE UNIQUE INDEX mfa_usage_stats_clinic_id_period_start_period_end_key ON public.mfa_usage_stats USING btree (clinic_id, period_start, period_end)","UNCLASSIFIED","UNDECIDED","UNKNOWN"
"public","mfa_usage_stats","mfa_usage_stats_pkey","true","true","true","true","CREATE UNIQUE INDEX mfa_usage_stats_pkey ON public.mfa_usage_stats USING btree (id)","UNCLASSIFIED","UNDECIDED","UNKNOWN"
"public","notifications","idx_notifications_clinic_id","false","false","true","true","CREATE INDEX idx_notifications_clinic_id ON public.notifications USING btree (clinic_id)","UNCLASSIFIED","UNDECIDED","UNKNOWN"
"public","notifications","idx_notifications_clinic_type","false","false","true","true","CREATE INDEX idx_notifications_clinic_type ON public.notifications USING btree (clinic_id, type)","UNCLASSIFIED","UNDECIDED","UNKNOWN"
"public","notifications","idx_notifications_created_at","false","false","true","true","CREATE INDEX idx_notifications_created_at ON public.notifications USING btree (created_at)","UNCLASSIFIED","UNDECIDED","UNKNOWN"
"public","notifications","idx_notifications_is_read","false","false","true","true","CREATE INDEX idx_notifications_is_read ON public.notifications USING btree (is_read)","UNCLASSIFIED","UNDECIDED","UNKNOWN"
"public","notifications","idx_notifications_unique_related_entity","false","true","true","true","CREATE UNIQUE INDEX idx_notifications_unique_related_entity ON public.notifications USING btree (related_entity_type, related_entity_id, type)","UNCLASSIFIED","UNDECIDED","UNKNOWN"
"public","notifications","idx_notifications_user_id","false","false","true","true","CREATE INDEX idx_notifications_user_id ON public.notifications USING btree (user_id)","UNCLASSIFIED","UNDECIDED","UNKNOWN"
"public","notifications","idx_notifications_user_unread","false","false","true","true","CREATE INDEX idx_notifications_user_unread ON public.notifications USING btree (user_id, created_at DESC) WHERE (is_read = false)","UNCLASSIFIED","UNDECIDED","UNKNOWN"
"public","notifications","notifications_pkey","true","true","true","true","CREATE UNIQUE INDEX notifications_pkey ON public.notifications USING btree (id)","UNCLASSIFIED","UNDECIDED","UNKNOWN"
"public","onboarding_states","idx_onboarding_states_clinic_id","false","false","true","true","CREATE INDEX idx_onboarding_states_clinic_id ON public.onboarding_states USING btree (clinic_id)","UNCLASSIFIED","UNDECIDED","UNKNOWN"
"public","onboarding_states","idx_onboarding_states_current_step","false","false","true","true","CREATE INDEX idx_onboarding_states_current_step ON public.onboarding_states USING btree (current_step)","UNCLASSIFIED","UNDECIDED","UNKNOWN"
"public","onboarding_states","idx_onboarding_states_user_id","false","false","true","true","CREATE INDEX idx_onboarding_states_user_id ON public.onboarding_states USING btree (user_id)","UNCLASSIFIED","UNDECIDED","UNKNOWN"
"public","onboarding_states","onboarding_states_pkey","true","true","true","true","CREATE UNIQUE INDEX onboarding_states_pkey ON public.onboarding_states USING btree (id)","UNCLASSIFIED","UNDECIDED","UNKNOWN"
"public","onboarding_states","onboarding_states_user_id_key","false","true","true","true","CREATE UNIQUE INDEX onboarding_states_user_id_key ON public.onboarding_states USING btree (user_id)","UNCLASSIFIED","UNDECIDED","UNKNOWN"
"public","patient_outreach_campaigns","patient_outreach_campaigns_clinic_created_idx","false","false","true","true","CREATE INDEX patient_outreach_campaigns_clinic_created_idx ON public.patient_outreach_campaigns USING btree (clinic_id, created_at DESC)","UNCLASSIFIED","UNDECIDED","UNKNOWN"
"public","patient_outreach_campaigns","patient_outreach_campaigns_id_clinic_unique","false","true","true","true","CREATE UNIQUE INDEX patient_outreach_campaigns_id_clinic_unique ON public.patient_outreach_campaigns USING btree (id, clinic_id)","UNCLASSIFIED","UNDECIDED","UNKNOWN"
"public","patient_outreach_campaigns","patient_outreach_campaigns_pkey","true","true","true","true","CREATE UNIQUE INDEX patient_outreach_campaigns_pkey ON public.patient_outreach_campaigns USING btree (id)","UNCLASSIFIED","UNDECIDED","UNKNOWN"
"public","patient_outreach_campaigns","patient_outreach_campaigns_status_idx","false","false","true","true","CREATE INDEX patient_outreach_campaigns_status_idx ON public.patient_outreach_campaigns USING btree (clinic_id, status, created_at DESC)","UNCLASSIFIED","UNDECIDED","UNKNOWN"
"public","patient_outreach_recipients","patient_outreach_recipients_campaign_customer_unique","false","true","true","true","CREATE UNIQUE INDEX patient_outreach_recipients_campaign_customer_unique ON public.patient_outreach_recipients USING btree (campaign_id, customer_id)","UNCLASSIFIED","UNDECIDED","UNKNOWN"
"public","patient_outreach_recipients","patient_outreach_recipients_campaign_idx","false","false","true","true","CREATE INDEX patient_outreach_recipients_campaign_idx ON public.patient_outreach_recipients USING btree (campaign_id, created_at)","UNCLASSIFIED","UNDECIDED","UNKNOWN"
"public","patient_outreach_recipients","patient_outreach_recipients_customer_idx","false","false","true","true","CREATE INDEX patient_outreach_recipients_customer_idx ON public.patient_outreach_recipients USING btree (clinic_id, customer_id, created_at DESC)","UNCLASSIFIED","UNDECIDED","UNKNOWN"
"public","patient_outreach_recipients","patient_outreach_recipients_pkey","true","true","true","true","CREATE UNIQUE INDEX patient_outreach_recipients_pkey ON public.patient_outreach_recipients USING btree (id)","UNCLASSIFIED","UNDECIDED","UNKNOWN"
"public","patients","idx_patients_clinic","false","false","true","true","CREATE INDEX idx_patients_clinic ON public.patients USING btree (clinic_id)","UNCLASSIFIED","UNDECIDED","UNKNOWN"
"public","patients","patients_pkey","true","true","true","true","CREATE UNIQUE INDEX patients_pkey ON public.patients USING btree (id)","UNCLASSIFIED","UNDECIDED","UNKNOWN"
"public","profiles","idx_profiles_active","false","false","true","true","CREATE INDEX idx_profiles_active ON public.profiles USING btree (is_active)","UNCLASSIFIED","UNDECIDED","UNKNOWN"
"public","profiles","idx_profiles_clinic_id","false","false","true","true","CREATE INDEX idx_profiles_clinic_id ON public.profiles USING btree (clinic_id)","UNCLASSIFIED","UNDECIDED","UNKNOWN"
"public","profiles","idx_profiles_email","false","false","true","true","CREATE INDEX idx_profiles_email ON public.profiles USING btree (email)","UNCLASSIFIED","UNDECIDED","UNKNOWN"
"public","profiles","idx_profiles_role","false","false","true","true","CREATE INDEX idx_profiles_role ON public.profiles USING btree (role)","UNCLASSIFIED","UNDECIDED","UNKNOWN"
"public","profiles","profiles_pkey","true","true","true","true","CREATE UNIQUE INDEX profiles_pkey ON public.profiles USING btree (id)","UNCLASSIFIED","UNDECIDED","UNKNOWN"
"public","profiles","profiles_user_id_key","false","true","true","true","CREATE UNIQUE INDEX profiles_user_id_key ON public.profiles USING btree (user_id)","UNCLASSIFIED","UNDECIDED","UNKNOWN"
"public","registered_devices","idx_registered_devices_clinic_id","false","false","true","true","CREATE INDEX idx_registered_devices_clinic_id ON public.registered_devices USING btree (clinic_id)","UNCLASSIFIED","UNDECIDED","UNKNOWN"
"public","registered_devices","idx_registered_devices_fingerprint","false","false","true","true","CREATE INDEX idx_registered_devices_fingerprint ON public.registered_devices USING btree (device_fingerprint)","UNCLASSIFIED","UNDECIDED","UNKNOWN"
"public","registered_devices","idx_registered_devices_trust_level","false","false","true","true","CREATE INDEX idx_registered_devices_trust_level ON public.registered_devices USING btree (trust_level, user_id)","UNCLASSIFIED","UNDECIDED","UNKNOWN"
"public","registered_devices","idx_registered_devices_user_id","false","false","true","true","CREATE INDEX idx_registered_devices_user_id ON public.registered_devices USING btree (user_id)","UNCLASSIFIED","UNDECIDED","UNKNOWN"
"public","registered_devices","registered_devices_pkey","true","true","true","true","CREATE UNIQUE INDEX registered_devices_pkey ON public.registered_devices USING btree (id)","UNCLASSIFIED","UNDECIDED","UNKNOWN"
"public","reservation_history","idx_reservation_history_action","false","false","true","true","CREATE INDEX idx_reservation_history_action ON public.reservation_history USING btree (action)","UNCLASSIFIED","UNDECIDED","UNKNOWN"
"public","reservation_history","idx_reservation_history_clinic_created","false","false","true","true","CREATE INDEX idx_reservation_history_clinic_created ON public.reservation_history USING btree (clinic_id, created_at DESC)","UNCLASSIFIED","UNDECIDED","UNKNOWN"
"public","reservation_history","idx_reservation_history_clinic_id","false","false","true","true","CREATE INDEX idx_reservation_history_clinic_id ON public.reservation_history USING btree (clinic_id)","UNCLASSIFIED","UNDECIDED","UNKNOWN"
"public","reservation_history","idx_reservation_history_created_at","false","false","true","true","CREATE INDEX idx_reservation_history_created_at ON public.reservation_history USING btree (created_at DESC)","UNCLASSIFIED","UNDECIDED","UNKNOWN"
"public","reservation_history","idx_reservation_history_reservation_id","false","false","true","true","CREATE INDEX idx_reservation_history_reservation_id ON public.reservation_history USING btree (reservation_id)","UNCLASSIFIED","UNDECIDED","UNKNOWN"
"public","reservation_history","reservation_history_pkey","true","true","true","true","CREATE UNIQUE INDEX reservation_history_pkey ON public.reservation_history USING btree (id)","UNCLASSIFIED","UNDECIDED","UNKNOWN"
"public","reservation_notifications","reservation_notifications_clinic_created_idx","false","false","true","true","CREATE INDEX reservation_notifications_clinic_created_idx ON public.reservation_notifications USING btree (clinic_id, created_at DESC)","UNCLASSIFIED","UNDECIDED","UNKNOWN"
"public","reservation_notifications","reservation_notifications_pkey","true","true","true","true","CREATE UNIQUE INDEX reservation_notifications_pkey ON public.reservation_notifications USING btree (id)","UNCLASSIFIED","UNDECIDED","UNKNOWN"
"public","reservation_notifications","reservation_notifications_reservation_id_notification_type_key","false","true","true","true","CREATE UNIQUE INDEX reservation_notifications_reservation_id_notification_type_key ON public.reservation_notifications USING btree (reservation_id, notification_type)","UNCLASSIFIED","UNDECIDED","UNKNOWN"
"public","reservation_notifications","reservation_notifications_scheduled_idx","false","false","true","true","CREATE INDEX reservation_notifications_scheduled_idx ON public.reservation_notifications USING btree (notification_type, scheduled_for) WHERE (scheduled_for IS NOT NULL)","UNCLASSIFIED","UNDECIDED","UNKNOWN"
"public","reservations","idx_reservations_channel","false","false","true","true","CREATE INDEX idx_reservations_channel ON public.reservations USING btree (channel)","UNCLASSIFIED","UNDECIDED","UNKNOWN"
"public","reservations","idx_reservations_clinic_id","false","false","true","true","CREATE INDEX idx_reservations_clinic_id ON public.reservations USING btree (clinic_id)","UNCLASSIFIED","UNDECIDED","UNKNOWN"
"public","reservations","idx_reservations_clinic_staff_time_active","false","false","true","true","CREATE INDEX idx_reservations_clinic_staff_time_active ON public.reservations USING btree (clinic_id, staff_id, start_time, end_time) WHERE ((is_deleted = false) AND ((status)::text <> ALL ((ARRAY['cancelled'::character varying, 'no_show'::character varying])::text[])))","UNCLASSIFIED","UNDECIDED","UNKNOWN"
"public","reservations","idx_reservations_clinic_status","false","false","true","true","CREATE INDEX idx_reservations_clinic_status ON public.reservations USING btree (clinic_id, status) WHERE (is_deleted = false)","UNCLASSIFIED","UNDECIDED","UNKNOWN"
"public","reservations","idx_reservations_customer_id","false","false","true","true","CREATE INDEX idx_reservations_customer_id ON public.reservations USING btree (customer_id)","UNCLASSIFIED","UNDECIDED","UNKNOWN"
"public","reservations","idx_reservations_date_range","false","false","true","true","CREATE INDEX idx_reservations_date_range ON public.reservations USING btree (start_time, end_time) WHERE (is_deleted = false)","UNCLASSIFIED","UNDECIDED","UNKNOWN"
"public","reservations","idx_reservations_end_time","false","false","true","true","CREATE INDEX idx_reservations_end_time ON public.reservations USING btree (end_time)","UNCLASSIFIED","UNDECIDED","UNKNOWN"
"public","reservations","idx_reservations_menu_id","false","false","true","true","CREATE INDEX idx_reservations_menu_id ON public.reservations USING btree (menu_id)","UNCLASSIFIED","UNDECIDED","UNKNOWN"
"public","reservations","idx_reservations_payment_status","false","false","true","true","CREATE INDEX idx_reservations_payment_status ON public.reservations USING btree (payment_status)","UNCLASSIFIED","UNDECIDED","UNKNOWN"
"public","reservations","idx_reservations_reservation_group_id","false","false","true","true","CREATE INDEX idx_reservations_reservation_group_id ON public.reservations USING btree (reservation_group_id)","UNCLASSIFIED","UNDECIDED","UNKNOWN"
"public","reservations","idx_reservations_staff_id","false","false","true","true","CREATE INDEX idx_reservations_staff_id ON public.reservations USING btree (staff_id)","UNCLASSIFIED","UNDECIDED","UNKNOWN"
"public","reservations","idx_reservations_staff_time","false","false","true","true","CREATE INDEX idx_reservations_staff_time ON public.reservations USING btree (staff_id, start_time, end_time) WHERE ((is_deleted = false) AND ((status)::text <> ALL (ARRAY[('cancelled'::character varying)::text, ('no_show'::character varying)::text])))","UNCLASSIFIED","UNDECIDED","UNKNOWN"
"public","reservations","idx_reservations_start_time","false","false","true","true","CREATE INDEX idx_reservations_start_time ON public.reservations USING btree (start_time DESC)","UNCLASSIFIED","UNDECIDED","UNKNOWN"
"public","reservations","idx_reservations_status","false","false","true","true","CREATE INDEX idx_reservations_status ON public.reservations USING btree (status)","UNCLASSIFIED","UNDECIDED","UNKNOWN"
"public","reservations","reservations_campaign_id_idx","false","false","true","true","CREATE INDEX reservations_campaign_id_idx ON public.reservations USING btree (campaign_id) WHERE (campaign_id IS NOT NULL)","UNCLASSIFIED","UNDECIDED","UNKNOWN"
"public","reservations","reservations_id_clinic_unique","false","true","true","true","CREATE UNIQUE INDEX reservations_id_clinic_unique ON public.reservations USING btree (id, clinic_id)","UNCLASSIFIED","UNDECIDED","UNKNOWN"
"public","reservations","reservations_no_overlap","false","false","true","true","CREATE INDEX reservations_no_overlap ON public.reservations USING gist (clinic_id, staff_id, tstzrange(start_time, end_time, '[)'::text)) WHERE (((status)::text <> ALL ((ARRAY['cancelled'::character varying, 'no_show'::character varying])::text[])) AND (is_deleted = false))","UNCLASSIFIED","UNDECIDED","UNKNOWN"
"public","reservations","reservations_pkey","true","true","true","true","CREATE UNIQUE INDEX reservations_pkey ON public.reservations USING btree (id)","UNCLASSIFIED","UNDECIDED","UNKNOWN"
"public","resources","idx_resources_clinic_id","false","false","true","true","CREATE INDEX idx_resources_clinic_id ON public.resources USING btree (clinic_id)","UNCLASSIFIED","UNDECIDED","UNKNOWN"
"public","resources","idx_resources_display_order","false","false","true","true","CREATE INDEX idx_resources_display_order ON public.resources USING btree (display_order)","UNCLASSIFIED","UNDECIDED","UNKNOWN"
"public","resources","idx_resources_is_active","false","false","true","true","CREATE INDEX idx_resources_is_active ON public.resources USING btree (is_active) WHERE (is_active = true)","UNCLASSIFIED","UNDECIDED","UNKNOWN"
"public","resources","idx_resources_is_bookable","false","false","true","true","CREATE INDEX idx_resources_is_bookable ON public.resources USING btree (is_bookable) WHERE (is_bookable = true)","UNCLASSIFIED","UNDECIDED","UNKNOWN"
"public","resources","idx_resources_staff_code","false","false","true","true","CREATE INDEX idx_resources_staff_code ON public.resources USING btree (staff_code)","UNCLASSIFIED","UNDECIDED","UNKNOWN"
"public","resources","idx_resources_type","false","false","true","true","CREATE INDEX idx_resources_type ON public.resources USING btree (type)","UNCLASSIFIED","UNDECIDED","UNKNOWN"
"public","resources","resources_pkey","true","true","true","true","CREATE UNIQUE INDEX resources_pkey ON public.resources USING btree (id)","UNCLASSIFIED","UNDECIDED","UNKNOWN"
"public","resources","resources_staff_code_key","false","true","true","true","CREATE UNIQUE INDEX resources_staff_code_key ON public.resources USING btree (staff_code)","UNCLASSIFIED","UNDECIDED","UNKNOWN"
"public","revenue_contexts","revenue_contexts_pkey","true","true","true","true","CREATE UNIQUE INDEX revenue_contexts_pkey ON public.revenue_contexts USING btree (code)","UNCLASSIFIED","UNDECIDED","UNKNOWN"
"public","revenue_estimate_lines","idx_revenue_estimate_lines_amount_role","false","false","true","true","CREATE INDEX idx_revenue_estimate_lines_amount_role ON public.revenue_estimate_lines USING btree (clinic_id, amount_role, revenue_estimate_id) WHERE (amount_role IS NOT NULL)","UNCLASSIFIED","UNDECIDED","UNKNOWN"
"public","revenue_estimate_lines","idx_revenue_estimate_lines_estimate","false","false","true","true","CREATE INDEX idx_revenue_estimate_lines_estimate ON public.revenue_estimate_lines USING btree (clinic_id, revenue_estimate_id, sort_order)","UNCLASSIFIED","UNDECIDED","UNKNOWN"
"public","revenue_estimate_lines","idx_revenue_estimate_lines_estimate_id","false","false","true","true","CREATE INDEX idx_revenue_estimate_lines_estimate_id ON public.revenue_estimate_lines USING btree (revenue_estimate_id)","UNCLASSIFIED","UNDECIDED","UNKNOWN"
"public","revenue_estimate_lines","idx_revenue_estimate_lines_fee_item","false","false","true","true","CREATE INDEX idx_revenue_estimate_lines_fee_item ON public.revenue_estimate_lines USING btree (insurance_fee_item_id) WHERE (insurance_fee_item_id IS NOT NULL)","UNCLASSIFIED","UNDECIDED","UNKNOWN"
"public","revenue_estimate_lines","idx_revenue_estimate_lines_schedule_item","false","false","true","true","CREATE INDEX idx_revenue_estimate_lines_schedule_item ON public.revenue_estimate_lines USING btree (schedule_code, fee_item_code) WHERE ((schedule_code IS NOT NULL) AND (fee_item_code IS NOT NULL))","UNCLASSIFIED","UNDECIDED","UNKNOWN"
"public","revenue_estimate_lines","revenue_estimate_lines_pkey","true","true","true","true","CREATE UNIQUE INDEX revenue_estimate_lines_pkey ON public.revenue_estimate_lines USING btree (id)","UNCLASSIFIED","UNDECIDED","UNKNOWN"
"public","revenue_estimate_overrides","idx_revenue_estimate_overrides_estimate","false","false","true","true","CREATE INDEX idx_revenue_estimate_overrides_estimate ON public.revenue_estimate_overrides USING btree (clinic_id, revenue_estimate_id, created_at)","UNCLASSIFIED","UNDECIDED","UNKNOWN"
"public","revenue_estimate_overrides","idx_revenue_estimate_overrides_reason_code","false","false","true","true","CREATE INDEX idx_revenue_estimate_overrides_reason_code ON public.revenue_estimate_overrides USING btree (clinic_id, override_reason_code) WHERE (override_reason_code IS NOT NULL)","UNCLASSIFIED","UNDECIDED","UNKNOWN"
"public","revenue_estimate_overrides","revenue_estimate_overrides_pkey","true","true","true","true","CREATE UNIQUE INDEX revenue_estimate_overrides_pkey ON public.revenue_estimate_overrides USING btree (id)","UNCLASSIFIED","UNDECIDED","UNKNOWN"
"public","revenue_estimate_warnings","idx_revenue_estimate_warnings_estimate","false","false","true","true","CREATE INDEX idx_revenue_estimate_warnings_estimate ON public.revenue_estimate_warnings USING btree (clinic_id, revenue_estimate_id)","UNCLASSIFIED","UNDECIDED","UNKNOWN"
"public","revenue_estimate_warnings","idx_revenue_estimate_warnings_estimate_id","false","false","true","true","CREATE INDEX idx_revenue_estimate_warnings_estimate_id ON public.revenue_estimate_warnings USING btree (revenue_estimate_id)","UNCLASSIFIED","UNDECIDED","UNKNOWN"
"public","revenue_estimate_warnings","revenue_estimate_warnings_pkey","true","true","true","true","CREATE UNIQUE INDEX revenue_estimate_warnings_pkey ON public.revenue_estimate_warnings USING btree (id)","UNCLASSIFIED","UNDECIDED","UNKNOWN"
"public","revenue_estimates","idx_revenue_estimates_clinic_context","false","false","true","true","CREATE INDEX idx_revenue_estimates_clinic_context ON public.revenue_estimates USING btree (clinic_id, revenue_context_code)","UNCLASSIFIED","UNDECIDED","UNKNOWN"
"public","revenue_estimates","idx_revenue_estimates_clinic_status","false","false","true","true","CREATE INDEX idx_revenue_estimates_clinic_status ON public.revenue_estimates USING btree (clinic_id, estimate_status)","UNCLASSIFIED","UNDECIDED","UNKNOWN"
"public","revenue_estimates","idx_revenue_estimates_used_schedule","false","false","true","true","CREATE INDEX idx_revenue_estimates_used_schedule ON public.revenue_estimates USING btree (clinic_id, used_schedule_code) WHERE (used_schedule_code IS NOT NULL)","UNCLASSIFIED","UNDECIDED","UNKNOWN"
"public","revenue_estimates","revenue_estimates_pkey","true","true","true","true","CREATE UNIQUE INDEX revenue_estimates_pkey ON public.revenue_estimates USING btree (id)","UNCLASSIFIED","UNDECIDED","UNKNOWN"
"public","revenue_estimates","revenue_estimates_unique_item","false","true","true","true","CREATE UNIQUE INDEX revenue_estimates_unique_item ON public.revenue_estimates USING btree (daily_report_item_id)","UNCLASSIFIED","UNDECIDED","UNKNOWN"
"public","revenues","idx_revenues_clinic_date","false","false","true","true","CREATE INDEX idx_revenues_clinic_date ON public.revenues USING btree (clinic_id, revenue_date)","UNCLASSIFIED","UNDECIDED","UNKNOWN"
"public","revenues","idx_revenues_menu_id","false","false","true","true","CREATE INDEX idx_revenues_menu_id ON public.revenues USING btree (menu_id)","UNCLASSIFIED","UNDECIDED","UNKNOWN"
"public","revenues","revenues_pkey","true","true","true","true","CREATE UNIQUE INDEX revenues_pkey ON public.revenues USING btree (id)","UNCLASSIFIED","UNDECIDED","UNKNOWN"
"public","security_alerts","idx_security_alerts_clinic_id","false","false","true","true","CREATE INDEX idx_security_alerts_clinic_id ON public.security_alerts USING btree (clinic_id)","UNCLASSIFIED","UNDECIDED","UNKNOWN"
"public","security_alerts","idx_security_alerts_created_at","false","false","true","true","CREATE INDEX idx_security_alerts_created_at ON public.security_alerts USING btree (created_at DESC)","UNCLASSIFIED","UNDECIDED","UNKNOWN"
"public","security_alerts","idx_security_alerts_severity","false","false","true","true","CREATE INDEX idx_security_alerts_severity ON public.security_alerts USING btree (severity)","UNCLASSIFIED","UNDECIDED","UNKNOWN"
"public","security_alerts","idx_security_alerts_type","false","false","true","true","CREATE INDEX idx_security_alerts_type ON public.security_alerts USING btree (type)","UNCLASSIFIED","UNDECIDED","UNKNOWN"
"public","security_alerts","security_alerts_pkey","true","true","true","true","CREATE UNIQUE INDEX security_alerts_pkey ON public.security_alerts USING btree (id)","UNCLASSIFIED","UNDECIDED","UNKNOWN"
"public","security_events","idx_security_events_assigned_to","false","false","true","true","CREATE INDEX idx_security_events_assigned_to ON public.security_events USING btree (assigned_to)","UNCLASSIFIED","UNDECIDED","UNKNOWN"
"public","security_events","idx_security_events_clinic_id","false","false","true","true","CREATE INDEX idx_security_events_clinic_id ON public.security_events USING btree (clinic_id)","UNCLASSIFIED","UNDECIDED","UNKNOWN"
"public","security_events","idx_security_events_clinic_severity","false","false","true","true","CREATE INDEX idx_security_events_clinic_severity ON public.security_events USING btree (clinic_id, severity_level, created_at DESC)","UNCLASSIFIED","UNDECIDED","UNKNOWN"
"public","security_events","idx_security_events_created_at","false","false","true","true","CREATE INDEX idx_security_events_created_at ON public.security_events USING btree (created_at)","UNCLASSIFIED","UNDECIDED","UNKNOWN"
"public","security_events","idx_security_events_resolved_at","false","false","true","true","CREATE INDEX idx_security_events_resolved_at ON public.security_events USING btree (resolved_at)","UNCLASSIFIED","UNDECIDED","UNKNOWN"
"public","security_events","idx_security_events_severity","false","false","true","true","CREATE INDEX idx_security_events_severity ON public.security_events USING btree (severity_level, created_at)","UNCLASSIFIED","UNDECIDED","UNKNOWN"
"public","security_events","idx_security_events_status","false","false","true","true","CREATE INDEX idx_security_events_status ON public.security_events USING btree (status)","UNCLASSIFIED","UNDECIDED","UNKNOWN"
"public","security_events","idx_security_events_type","false","false","true","true","CREATE INDEX idx_security_events_type ON public.security_events USING btree (event_type, event_category)","UNCLASSIFIED","UNDECIDED","UNKNOWN"
"public","security_events","idx_security_events_user_id","false","false","true","true","CREATE INDEX idx_security_events_user_id ON public.security_events USING btree (user_id)","UNCLASSIFIED","UNDECIDED","UNKNOWN"
"public","security_events","security_events_pkey","true","true","true","true","CREATE UNIQUE INDEX security_events_pkey ON public.security_events USING btree (id)","UNCLASSIFIED","UNDECIDED","UNKNOWN"
"public","session_policies","idx_session_policies_active","false","false","true","true","CREATE INDEX idx_session_policies_active ON public.session_policies USING btree (clinic_id, is_active) WHERE (is_active = true)","UNCLASSIFIED","UNDECIDED","UNKNOWN"
"public","session_policies","idx_session_policies_clinic_id","false","false","true","true","CREATE INDEX idx_session_policies_clinic_id ON public.session_policies USING btree (clinic_id)","UNCLASSIFIED","UNDECIDED","UNKNOWN"
"public","session_policies","idx_session_policies_role","false","false","true","true","CREATE INDEX idx_session_policies_role ON public.session_policies USING btree (role)","UNCLASSIFIED","UNDECIDED","UNKNOWN"
"public","session_policies","session_policies_pkey","true","true","true","true","CREATE UNIQUE INDEX session_policies_pkey ON public.session_policies USING btree (id)","UNCLASSIFIED","UNDECIDED","UNKNOWN"
"public","shift_request_audit_logs","shift_request_audit_logs_actor_created_idx","false","false","true","true","CREATE INDEX shift_request_audit_logs_actor_created_idx ON public.shift_request_audit_logs USING btree (actor_user_id, created_at DESC)","UNCLASSIFIED","UNDECIDED","UNKNOWN"
"public","shift_request_audit_logs","shift_request_audit_logs_clinic_created_idx","false","false","true","true","CREATE INDEX shift_request_audit_logs_clinic_created_idx ON public.shift_request_audit_logs USING btree (clinic_id, created_at DESC)","UNCLASSIFIED","UNDECIDED","UNKNOWN"
"public","shift_request_audit_logs","shift_request_audit_logs_period_created_idx","false","false","true","true","CREATE INDEX shift_request_audit_logs_period_created_idx ON public.shift_request_audit_logs USING btree (period_id, created_at DESC)","UNCLASSIFIED","UNDECIDED","UNKNOWN"
"public","shift_request_audit_logs","shift_request_audit_logs_pkey","true","true","true","true","CREATE UNIQUE INDEX shift_request_audit_logs_pkey ON public.shift_request_audit_logs USING btree (id)","UNCLASSIFIED","UNDECIDED","UNKNOWN"
"public","shift_request_audit_logs","shift_request_audit_logs_request_created_idx","false","false","true","true","CREATE INDEX shift_request_audit_logs_request_created_idx ON public.shift_request_audit_logs USING btree (request_id, created_at DESC)","UNCLASSIFIED","UNDECIDED","UNKNOWN"
"public","shift_request_periods","shift_request_periods_clinic_range_idx","false","false","true","true","CREATE INDEX shift_request_periods_clinic_range_idx ON public.shift_request_periods USING btree (clinic_id, period_start, period_end)","UNCLASSIFIED","UNDECIDED","UNKNOWN"
"public","shift_request_periods","shift_request_periods_clinic_status_deadline_idx","false","false","true","true","CREATE INDEX shift_request_periods_clinic_status_deadline_idx ON public.shift_request_periods USING btree (clinic_id, status, submission_deadline)","UNCLASSIFIED","UNDECIDED","UNKNOWN"
"public","shift_request_periods","shift_request_periods_pkey","true","true","true","true","CREATE UNIQUE INDEX shift_request_periods_pkey ON public.shift_request_periods USING btree (id)","UNCLASSIFIED","UNDECIDED","UNKNOWN"
"public","shift_requests","shift_requests_approved_constraints_idx","false","false","true","true","CREATE INDEX shift_requests_approved_constraints_idx ON public.shift_requests USING btree (clinic_id, period_id, staff_id, start_time, end_time) WHERE ((status = 'approved'::text) AND (request_type = ANY (ARRAY['unavailable'::text, 'day_off'::text])))","UNCLASSIFIED","UNDECIDED","UNKNOWN"
"public","shift_requests","shift_requests_clinic_period_status_idx","false","false","true","true","CREATE INDEX shift_requests_clinic_period_status_idx ON public.shift_requests USING btree (clinic_id, period_id, status)","UNCLASSIFIED","UNDECIDED","UNKNOWN"
"public","shift_requests","shift_requests_clinic_staff_time_idx","false","false","true","true","CREATE INDEX shift_requests_clinic_staff_time_idx ON public.shift_requests USING btree (clinic_id, staff_id, start_time, end_time)","UNCLASSIFIED","UNDECIDED","UNKNOWN"
"public","shift_requests","shift_requests_clinic_type_status_idx","false","false","true","true","CREATE INDEX shift_requests_clinic_type_status_idx ON public.shift_requests USING btree (clinic_id, request_type, status)","UNCLASSIFIED","UNDECIDED","UNKNOWN"
"public","shift_requests","shift_requests_converted_shift_idx","false","false","true","true","CREATE INDEX shift_requests_converted_shift_idx ON public.shift_requests USING btree (converted_shift_id) WHERE (converted_shift_id IS NOT NULL)","UNCLASSIFIED","UNDECIDED","UNKNOWN"
"public","shift_requests","shift_requests_convertible_idx","false","false","true","true","CREATE INDEX shift_requests_convertible_idx ON public.shift_requests USING btree (clinic_id, period_id, staff_id, start_time, end_time) WHERE ((status = 'approved'::text) AND (request_type = ANY (ARRAY['available'::text, 'preferred'::text])) AND (converted_shift_id IS NULL))","UNCLASSIFIED","UNDECIDED","UNKNOWN"
"public","shift_requests","shift_requests_period_staff_idx","false","false","true","true","CREATE INDEX shift_requests_period_staff_idx ON public.shift_requests USING btree (period_id, staff_id)","UNCLASSIFIED","UNDECIDED","UNKNOWN"
"public","shift_requests","shift_requests_pkey","true","true","true","true","CREATE UNIQUE INDEX shift_requests_pkey ON public.shift_requests USING btree (id)","UNCLASSIFIED","UNDECIDED","UNKNOWN"
"public","staff","idx_staff_clinic","false","false","true","true","CREATE INDEX idx_staff_clinic ON public.staff USING btree (clinic_id)","UNCLASSIFIED","UNDECIDED","UNKNOWN"
"public","staff","staff_email_key","false","true","true","true","CREATE UNIQUE INDEX staff_email_key ON public.staff USING btree (email)","UNCLASSIFIED","UNDECIDED","UNKNOWN"
"public","staff","staff_pkey","true","true","true","true","CREATE UNIQUE INDEX staff_pkey ON public.staff USING btree (id)","UNCLASSIFIED","UNDECIDED","UNKNOWN"
"public","staff_clinic_memberships","staff_clinic_memberships_clinic_idx","false","false","true","true","CREATE INDEX staff_clinic_memberships_clinic_idx ON public.staff_clinic_memberships USING btree (clinic_id, membership_type, can_help)","UNCLASSIFIED","UNDECIDED","UNKNOWN"
"public","staff_clinic_memberships","staff_clinic_memberships_pkey","true","true","true","true","CREATE UNIQUE INDEX staff_clinic_memberships_pkey ON public.staff_clinic_memberships USING btree (id)","UNCLASSIFIED","UNDECIDED","UNKNOWN"
"public","staff_clinic_memberships","staff_clinic_memberships_resource_unique","false","true","true","true","CREATE UNIQUE INDEX staff_clinic_memberships_resource_unique ON public.staff_clinic_memberships USING btree (resource_id) WHERE (resource_id IS NOT NULL)","UNCLASSIFIED","UNDECIDED","UNKNOWN"
"public","staff_clinic_memberships","staff_clinic_memberships_staff_profile_id_clinic_id_key","false","true","true","true","CREATE UNIQUE INDEX staff_clinic_memberships_staff_profile_id_clinic_id_key ON public.staff_clinic_memberships USING btree (staff_profile_id, clinic_id)","UNCLASSIFIED","UNDECIDED","UNKNOWN"
"public","staff_clinic_memberships","staff_clinic_memberships_staff_profile_idx","false","false","true","true","CREATE INDEX staff_clinic_memberships_staff_profile_idx ON public.staff_clinic_memberships USING btree (staff_profile_id, clinic_id)","UNCLASSIFIED","UNDECIDED","UNKNOWN"
"public","staff_invites","idx_staff_invites_clinic_id","false","false","true","true","CREATE INDEX idx_staff_invites_clinic_id ON public.staff_invites USING btree (clinic_id)","UNCLASSIFIED","UNDECIDED","UNKNOWN"
"public","staff_invites","idx_staff_invites_created_by","false","false","true","true","CREATE INDEX idx_staff_invites_created_by ON public.staff_invites USING btree (created_by)","UNCLASSIFIED","UNDECIDED","UNKNOWN"
"public","staff_invites","idx_staff_invites_email","false","false","true","true","CREATE INDEX idx_staff_invites_email ON public.staff_invites USING btree (email)","UNCLASSIFIED","UNDECIDED","UNKNOWN"
"public","staff_invites","idx_staff_invites_expires_at","false","false","true","true","CREATE INDEX idx_staff_invites_expires_at ON public.staff_invites USING btree (expires_at)","UNCLASSIFIED","UNDECIDED","UNKNOWN"
"public","staff_invites","idx_staff_invites_token","false","false","true","true","CREATE INDEX idx_staff_invites_token ON public.staff_invites USING btree (token)","UNCLASSIFIED","UNDECIDED","UNKNOWN"
"public","staff_invites","staff_invites_clinic_id_email_key","false","true","true","true","CREATE UNIQUE INDEX staff_invites_clinic_id_email_key ON public.staff_invites USING btree (clinic_id, email)","UNCLASSIFIED","UNDECIDED","UNKNOWN"
"public","staff_invites","staff_invites_pkey","true","true","true","true","CREATE UNIQUE INDEX staff_invites_pkey ON public.staff_invites USING btree (id)","UNCLASSIFIED","UNDECIDED","UNKNOWN"
"public","staff_performance","staff_performance_pkey","true","true","true","true","CREATE UNIQUE INDEX staff_performance_pkey ON public.staff_performance USING btree (id)","UNCLASSIFIED","UNDECIDED","UNKNOWN"
"public","staff_performance","staff_performance_staff_id_performance_date_key","false","true","true","true","CREATE UNIQUE INDEX staff_performance_staff_id_performance_date_key ON public.staff_performance USING btree (staff_id, performance_date)","UNCLASSIFIED","UNDECIDED","UNKNOWN"
"public","staff_preferences","idx_staff_preferences_active","false","false","true","true","CREATE INDEX idx_staff_preferences_active ON public.staff_preferences USING btree (is_active) WHERE (is_active = true)","UNCLASSIFIED","UNDECIDED","UNKNOWN"
"public","staff_preferences","idx_staff_preferences_clinic_id","false","false","true","true","CREATE INDEX idx_staff_preferences_clinic_id ON public.staff_preferences USING btree (clinic_id)","UNCLASSIFIED","UNDECIDED","UNKNOWN"
"public","staff_preferences","idx_staff_preferences_staff_id","false","false","true","true","CREATE INDEX idx_staff_preferences_staff_id ON public.staff_preferences USING btree (staff_id)","UNCLASSIFIED","UNDECIDED","UNKNOWN"
"public","staff_preferences","staff_preferences_pkey","true","true","true","true","CREATE UNIQUE INDEX staff_preferences_pkey ON public.staff_preferences USING btree (id)","UNCLASSIFIED","UNDECIDED","UNKNOWN"
"public","staff_profiles","staff_profiles_pkey","true","true","true","true","CREATE UNIQUE INDEX staff_profiles_pkey ON public.staff_profiles USING btree (id)","UNCLASSIFIED","UNDECIDED","UNKNOWN"
"public","staff_profiles","staff_profiles_user_id_idx","false","false","true","true","CREATE INDEX staff_profiles_user_id_idx ON public.staff_profiles USING btree (user_id) WHERE (user_id IS NOT NULL)","UNCLASSIFIED","UNDECIDED","UNKNOWN"
"public","staff_shifts","idx_staff_shifts_clinic_id","false","false","true","true","CREATE INDEX idx_staff_shifts_clinic_id ON public.staff_shifts USING btree (clinic_id)","UNCLASSIFIED","UNDECIDED","UNKNOWN"
"public","staff_shifts","idx_staff_shifts_clinic_time","false","false","true","true","CREATE INDEX idx_staff_shifts_clinic_time ON public.staff_shifts USING btree (clinic_id, start_time, end_time)","UNCLASSIFIED","UNDECIDED","UNKNOWN"
"public","staff_shifts","idx_staff_shifts_staff_id","false","false","true","true","CREATE INDEX idx_staff_shifts_staff_id ON public.staff_shifts USING btree (staff_id)","UNCLASSIFIED","UNDECIDED","UNKNOWN"
"public","staff_shifts","idx_staff_shifts_start_time","false","false","true","true","CREATE INDEX idx_staff_shifts_start_time ON public.staff_shifts USING btree (start_time)","UNCLASSIFIED","UNDECIDED","UNKNOWN"
"public","staff_shifts","idx_staff_shifts_status","false","false","true","true","CREATE INDEX idx_staff_shifts_status ON public.staff_shifts USING btree (status)","UNCLASSIFIED","UNDECIDED","UNKNOWN"
"public","staff_shifts","staff_shifts_conversion_overlap_idx","false","false","true","true","CREATE INDEX staff_shifts_conversion_overlap_idx ON public.staff_shifts USING btree (clinic_id, staff_id, start_time, end_time) WHERE ((status)::text <> 'cancelled'::text)","UNCLASSIFIED","UNDECIDED","UNKNOWN"
"public","staff_shifts","staff_shifts_pkey","true","true","true","true","CREATE UNIQUE INDEX staff_shifts_pkey ON public.staff_shifts USING btree (id)","UNCLASSIFIED","UNDECIDED","UNKNOWN"
"public","stripe_webhook_events","stripe_webhook_events_pkey","true","true","true","true","CREATE UNIQUE INDEX stripe_webhook_events_pkey ON public.stripe_webhook_events USING btree (id)","UNCLASSIFIED","UNDECIDED","UNKNOWN"
"public","stripe_webhook_events","stripe_webhook_events_processing_idx","false","false","true","true","CREATE INDEX stripe_webhook_events_processing_idx ON public.stripe_webhook_events USING btree (processing_status, created_at)","UNCLASSIFIED","UNDECIDED","UNKNOWN"
"public","stripe_webhook_events","stripe_webhook_events_related_subscription_idx","false","false","true","true","CREATE INDEX stripe_webhook_events_related_subscription_idx ON public.stripe_webhook_events USING btree (related_stripe_subscription_id) WHERE (related_stripe_subscription_id IS NOT NULL)","UNCLASSIFIED","UNDECIDED","UNKNOWN"
"public","stripe_webhook_events","stripe_webhook_events_stripe_event_id_key","false","true","true","true","CREATE UNIQUE INDEX stripe_webhook_events_stripe_event_id_key ON public.stripe_webhook_events USING btree (stripe_event_id)","UNCLASSIFIED","UNDECIDED","UNKNOWN"
"public","stripe_webhook_events","stripe_webhook_events_type_created_idx","false","false","true","true","CREATE INDEX stripe_webhook_events_type_created_idx ON public.stripe_webhook_events USING btree (event_type, stripe_created_at DESC)","UNCLASSIFIED","UNDECIDED","UNKNOWN"
"public","subscriptions","subscriptions_billing_state_idx","false","false","true","true","CREATE INDEX subscriptions_billing_state_idx ON public.subscriptions USING btree (billing_state)","UNCLASSIFIED","UNDECIDED","UNKNOWN"
"public","subscriptions","subscriptions_last_stripe_event_created_idx","false","false","true","true","CREATE INDEX subscriptions_last_stripe_event_created_idx ON public.subscriptions USING btree (last_stripe_event_created)","UNCLASSIFIED","UNDECIDED","UNKNOWN"
"public","subscriptions","subscriptions_org_root_clinic_id_key","false","true","true","true","CREATE UNIQUE INDEX subscriptions_org_root_clinic_id_key ON public.subscriptions USING btree (org_root_clinic_id)","UNCLASSIFIED","UNDECIDED","UNKNOWN"
"public","subscriptions","subscriptions_pkey","true","true","true","true","CREATE UNIQUE INDEX subscriptions_pkey ON public.subscriptions USING btree (id)","UNCLASSIFIED","UNDECIDED","UNKNOWN"
"public","subscriptions","subscriptions_stripe_checkout_session_id_key","false","true","true","true","CREATE UNIQUE INDEX subscriptions_stripe_checkout_session_id_key ON public.subscriptions USING btree (stripe_checkout_session_id)","UNCLASSIFIED","UNDECIDED","UNKNOWN"
"public","subscriptions","subscriptions_stripe_customer_id_key","false","true","true","true","CREATE UNIQUE INDEX subscriptions_stripe_customer_id_key ON public.subscriptions USING btree (stripe_customer_id)","UNCLASSIFIED","UNDECIDED","UNKNOWN"
"public","subscriptions","subscriptions_stripe_group_base_subscription_item_id_key","false","true","true","true","CREATE UNIQUE INDEX subscriptions_stripe_group_base_subscription_item_id_key ON public.subscriptions USING btree (stripe_group_base_subscription_item_id)","UNCLASSIFIED","UNDECIDED","UNKNOWN"
"public","subscriptions","subscriptions_stripe_single_subscription_item_id_key","false","true","true","true","CREATE UNIQUE INDEX subscriptions_stripe_single_subscription_item_id_key ON public.subscriptions USING btree (stripe_single_subscription_item_id)","UNCLASSIFIED","UNDECIDED","UNKNOWN"
"public","subscriptions","subscriptions_stripe_store_subscription_item_id_key","false","true","true","true","CREATE UNIQUE INDEX subscriptions_stripe_store_subscription_item_id_key ON public.subscriptions USING btree (stripe_store_subscription_item_id)","UNCLASSIFIED","UNDECIDED","UNKNOWN"
"public","subscriptions","subscriptions_stripe_subscription_id_key","false","true","true","true","CREATE UNIQUE INDEX subscriptions_stripe_subscription_id_key ON public.subscriptions USING btree (stripe_subscription_id)","UNCLASSIFIED","UNDECIDED","UNKNOWN"
"public","treatment_menu_records","idx_treatment_menu_records_menu","false","false","true","true","CREATE INDEX idx_treatment_menu_records_menu ON public.treatment_menu_records USING btree (menu_id)","UNCLASSIFIED","UNDECIDED","UNKNOWN"
"public","treatment_menu_records","idx_treatment_menu_records_staff","false","false","true","true","CREATE INDEX idx_treatment_menu_records_staff ON public.treatment_menu_records USING btree (performed_by)","UNCLASSIFIED","UNDECIDED","UNKNOWN"
"public","treatment_menu_records","idx_treatment_menu_records_treatment","false","false","true","true","CREATE INDEX idx_treatment_menu_records_treatment ON public.treatment_menu_records USING btree (treatment_id)","UNCLASSIFIED","UNDECIDED","UNKNOWN"
"public","treatment_menu_records","treatment_menu_records_pkey","true","true","true","true","CREATE UNIQUE INDEX treatment_menu_records_pkey ON public.treatment_menu_records USING btree (id)","UNCLASSIFIED","UNDECIDED","UNKNOWN"
"public","treatments","treatments_appointment_id_key","false","true","true","true","CREATE UNIQUE INDEX treatments_appointment_id_key ON public.treatments USING btree (appointment_id)","UNCLASSIFIED","UNDECIDED","UNKNOWN"
"public","treatments","treatments_pkey","true","true","true","true","CREATE UNIQUE INDEX treatments_pkey ON public.treatments USING btree (id)","UNCLASSIFIED","UNDECIDED","UNKNOWN"
"public","user_mfa_settings","idx_mfa_settings_clinic_id","false","false","true","true","CREATE INDEX idx_mfa_settings_clinic_id ON public.user_mfa_settings USING btree (clinic_id)","UNCLASSIFIED","UNDECIDED","UNKNOWN"
"public","user_mfa_settings","idx_mfa_settings_enabled","false","false","true","true","CREATE INDEX idx_mfa_settings_enabled ON public.user_mfa_settings USING btree (is_enabled) WHERE (is_enabled = true)","UNCLASSIFIED","UNDECIDED","UNKNOWN"
"public","user_mfa_settings","idx_mfa_settings_last_used","false","false","true","true","CREATE INDEX idx_mfa_settings_last_used ON public.user_mfa_settings USING btree (last_used_at DESC)","UNCLASSIFIED","UNDECIDED","UNKNOWN"
"public","user_mfa_settings","idx_mfa_settings_user_id","false","false","true","true","CREATE INDEX idx_mfa_settings_user_id ON public.user_mfa_settings USING btree (user_id)","UNCLASSIFIED","UNDECIDED","UNKNOWN"
"public","user_mfa_settings","user_mfa_settings_pkey","true","true","true","true","CREATE UNIQUE INDEX user_mfa_settings_pkey ON public.user_mfa_settings USING btree (id)","UNCLASSIFIED","UNDECIDED","UNKNOWN"
"public","user_mfa_settings","user_mfa_settings_user_id_key","false","true","true","true","CREATE UNIQUE INDEX user_mfa_settings_user_id_key ON public.user_mfa_settings USING btree (user_id)","UNCLASSIFIED","UNDECIDED","UNKNOWN"
"public","user_permissions","idx_user_permissions_clinic_id","false","false","true","true","CREATE INDEX idx_user_permissions_clinic_id ON public.user_permissions USING btree (clinic_id)","UNCLASSIFIED","UNDECIDED","UNKNOWN"
"public","user_permissions","idx_user_permissions_role","false","false","true","true","CREATE INDEX idx_user_permissions_role ON public.user_permissions USING btree (role)","UNCLASSIFIED","UNDECIDED","UNKNOWN"
"public","user_permissions","idx_user_permissions_role_clinic","false","false","true","true","CREATE INDEX idx_user_permissions_role_clinic ON public.user_permissions USING btree (role, clinic_id)","UNCLASSIFIED","UNDECIDED","UNKNOWN"
"public","user_permissions","idx_user_permissions_staff_clinic","false","false","true","true","CREATE INDEX idx_user_permissions_staff_clinic ON public.user_permissions USING btree (staff_id, clinic_id)","UNCLASSIFIED","UNDECIDED","UNKNOWN"
"public","user_permissions","idx_user_permissions_staff_id","false","false","true","true","CREATE INDEX idx_user_permissions_staff_id ON public.user_permissions USING btree (staff_id)","UNCLASSIFIED","UNDECIDED","UNKNOWN"
"public","user_permissions","user_permissions_pkey","true","true","true","true","CREATE UNIQUE INDEX user_permissions_pkey ON public.user_permissions USING btree (id)","UNCLASSIFIED","UNDECIDED","UNKNOWN"
"public","user_permissions","user_permissions_staff_id_key","false","true","true","true","CREATE UNIQUE INDEX user_permissions_staff_id_key ON public.user_permissions USING btree (staff_id)","UNCLASSIFIED","UNDECIDED","UNKNOWN"
"public","user_permissions","user_permissions_username_key","false","true","true","true","CREATE UNIQUE INDEX user_permissions_username_key ON public.user_permissions USING btree (username)","UNCLASSIFIED","UNDECIDED","UNKNOWN"
"public","user_sessions","idx_user_sessions_active","false","false","true","true","CREATE INDEX idx_user_sessions_active ON public.user_sessions USING btree (user_id, clinic_id) WHERE (is_active = true)","UNCLASSIFIED","UNDECIDED","UNKNOWN"
"public","user_sessions","idx_user_sessions_active_expires","false","false","true","true","CREATE INDEX idx_user_sessions_active_expires ON public.user_sessions USING btree (expires_at) WHERE ((is_active = true) AND (is_revoked = false))","UNCLASSIFIED","UNDECIDED","UNKNOWN"
"public","user_sessions","idx_user_sessions_clinic_id","false","false","true","true","CREATE INDEX idx_user_sessions_clinic_id ON public.user_sessions USING btree (clinic_id)","UNCLASSIFIED","UNDECIDED","UNKNOWN"
"public","user_sessions","idx_user_sessions_expires_at","false","false","true","true","CREATE INDEX idx_user_sessions_expires_at ON public.user_sessions USING btree (expires_at)","UNCLASSIFIED","UNDECIDED","UNKNOWN"
"public","user_sessions","idx_user_sessions_last_activity","false","false","true","true","CREATE INDEX idx_user_sessions_last_activity ON public.user_sessions USING btree (last_activity)","UNCLASSIFIED","UNDECIDED","UNKNOWN"
"public","user_sessions","idx_user_sessions_session_token","false","false","true","true","CREATE INDEX idx_user_sessions_session_token ON public.user_sessions USING btree (session_token)","UNCLASSIFIED","UNDECIDED","UNKNOWN"
"public","user_sessions","idx_user_sessions_user_id","false","false","true","true","CREATE INDEX idx_user_sessions_user_id ON public.user_sessions USING btree (user_id)","UNCLASSIFIED","UNDECIDED","UNKNOWN"
"public","user_sessions","user_sessions_pkey","true","true","true","true","CREATE UNIQUE INDEX user_sessions_pkey ON public.user_sessions USING btree (id)","UNCLASSIFIED","UNDECIDED","UNKNOWN"
"public","user_sessions","user_sessions_session_token_key","false","true","true","true","CREATE UNIQUE INDEX user_sessions_session_token_key ON public.user_sessions USING btree (session_token)","UNCLASSIFIED","UNDECIDED","UNKNOWN"
"public","visit_stage_definitions","visit_stage_definitions_pkey","true","true","true","true","CREATE UNIQUE INDEX visit_stage_definitions_pkey ON public.visit_stage_definitions USING btree (code)","UNCLASSIFIED","UNDECIDED","UNKNOWN"
"public","visits","idx_visits_clinic_date","false","false","true","true","CREATE INDEX idx_visits_clinic_date ON public.visits USING btree (clinic_id, visit_date)","UNCLASSIFIED","UNDECIDED","UNKNOWN"
"public","visits","visits_pkey","true","true","true","true","CREATE UNIQUE INDEX visits_pkey ON public.visits USING btree (id)","UNCLASSIFIED","UNDECIDED","UNKNOWN"
