"schema","table_name","policy_name","permissive","roles","cmd","qual","with_check","classification","expected","difference"
"public","ai_comments","ai_comments_delete","PERMISSIVE","{public}","DELETE","(app_private.jwt_is_admin() AND app_private.can_access_clinic(clinic_id))",,"UNCLASSIFIED","UNDECIDED","UNKNOWN"
"public","ai_comments","ai_comments_insert","PERMISSIVE","{public}","INSERT",,"((app_private.get_current_role() = ANY (ARRAY['admin'::text, 'clinic_admin'::text, 'manager'::text])) AND app_private.can_access_clinic(clinic_id))","UNCLASSIFIED","UNDECIDED","UNKNOWN"
"public","ai_comments","ai_comments_select","PERMISSIVE","{public}","SELECT","((app_private.get_current_role() = ANY (ARRAY['admin'::text, 'clinic_admin'::text, 'manager'::text, 'therapist'::text, 'staff'::text])) AND app_private.can_access_clinic(clinic_id))",,"UNCLASSIFIED","UNDECIDED","UNKNOWN"
"public","ai_comments","ai_comments_update","PERMISSIVE","{public}","UPDATE","((app_private.get_current_role() = ANY (ARRAY['admin'::text, 'clinic_admin'::text, 'manager'::text])) AND app_private.can_access_clinic(clinic_id))",,"UNCLASSIFIED","UNDECIDED","UNKNOWN"
"public","appointments","appointments_insert_service_role","PERMISSIVE","{public}","INSERT",,"(app_private.get_current_role() = 'service_role'::text)","UNCLASSIFIED","UNDECIDED","UNKNOWN"
"public","appointments","appointments_select_for_staff","PERMISSIVE","{public}","SELECT","((app_private.get_current_role() = ANY (ARRAY['admin'::text, 'clinic_admin'::text, 'manager'::text, 'therapist'::text, 'staff'::text])) AND app_private.can_access_clinic(clinic_id))",,"UNCLASSIFIED","UNDECIDED","UNKNOWN"
"public","audit_logs","audit_logs_insert_service_role","PERMISSIVE","{public}","INSERT",,"(( SELECT auth.role() AS role) = 'service_role'::text)","UNCLASSIFIED","UNDECIDED","UNKNOWN"
"public","audit_logs","audit_logs_select_for_admins","PERMISSIVE","{public}","SELECT","((app_private.get_current_role() = ANY (ARRAY['admin'::text, 'clinic_admin'::text])) AND (((clinic_id IS NOT NULL) AND app_private.can_access_clinic(clinic_id)) OR ((clinic_id IS NULL) AND app_private.jwt_is_admin())))",,"UNCLASSIFIED","UNDECIDED","UNKNOWN"
"public","beta_feedback","Admins can update feedback","PERMISSIVE","{public}","UPDATE","(EXISTS ( SELECT 1
   FROM profiles
  WHERE ((profiles.user_id = ( SELECT auth.uid() AS uid)) AND ((profiles.role)::text = 'admin'::text))))",,"UNCLASSIFIED","UNDECIDED","UNKNOWN"
"public","beta_feedback","Admins can view all feedback","PERMISSIVE","{public}","SELECT","(EXISTS ( SELECT 1
   FROM profiles
  WHERE ((profiles.user_id = ( SELECT auth.uid() AS uid)) AND ((profiles.role)::text = 'admin'::text))))",,"UNCLASSIFIED","UNDECIDED","UNKNOWN"
"public","beta_feedback","Users can insert their clinic feedback","PERMISSIVE","{public}","INSERT",,"(clinic_id IN ( SELECT profiles.clinic_id
   FROM profiles
  WHERE (profiles.user_id = ( SELECT auth.uid() AS uid))))","UNCLASSIFIED","UNDECIDED","UNKNOWN"
"public","beta_feedback","Users can view their clinic feedback","PERMISSIVE","{public}","SELECT","(clinic_id IN ( SELECT profiles.clinic_id
   FROM profiles
  WHERE (profiles.user_id = ( SELECT auth.uid() AS uid))))",,"UNCLASSIFIED","UNDECIDED","UNKNOWN"
"public","beta_usage_metrics","Admins can view all metrics","PERMISSIVE","{public}","SELECT","(EXISTS ( SELECT 1
   FROM profiles
  WHERE ((profiles.user_id = ( SELECT auth.uid() AS uid)) AND ((profiles.role)::text = 'admin'::text))))",,"UNCLASSIFIED","UNDECIDED","UNKNOWN"
"public","beta_usage_metrics","System can insert metrics","PERMISSIVE","{public}","INSERT",,"(( SELECT auth.role() AS role) = 'service_role'::text)","UNCLASSIFIED","UNDECIDED","UNKNOWN"
"public","beta_usage_metrics","Users can view their clinic metrics","PERMISSIVE","{public}","SELECT","(clinic_id IN ( SELECT profiles.clinic_id
   FROM profiles
  WHERE (profiles.user_id = ( SELECT auth.uid() AS uid))))",,"UNCLASSIFIED","UNDECIDED","UNKNOWN"
"public","billing_audit_logs","service_role full access billing audit logs","PERMISSIVE","{public}","ALL","(auth.role() = 'service_role'::text)","(auth.role() = 'service_role'::text)","UNCLASSIFIED","UNDECIDED","UNKNOWN"
"public","billing_overrides","service_role full access billing overrides","PERMISSIVE","{public}","ALL","(auth.role() = 'service_role'::text)","(auth.role() = 'service_role'::text)","UNCLASSIFIED","UNDECIDED","UNKNOWN"
"public","blocks","blocks_delete_for_admin","PERMISSIVE","{public}","DELETE","((app_private.get_current_role() = ANY (ARRAY['admin'::text, 'clinic_admin'::text])) AND app_private.can_access_clinic(clinic_id))",,"UNCLASSIFIED","UNDECIDED","UNKNOWN"
"public","blocks","blocks_insert_for_managers","PERMISSIVE","{public}","INSERT",,"((app_private.get_current_role() = ANY (ARRAY['admin'::text, 'clinic_admin'::text, 'manager'::text])) AND app_private.can_access_clinic(clinic_id))","UNCLASSIFIED","UNDECIDED","UNKNOWN"
"public","blocks","blocks_select_for_staff","PERMISSIVE","{public}","SELECT","((app_private.get_current_role() = ANY (ARRAY['admin'::text, 'clinic_admin'::text, 'manager'::text, 'therapist'::text, 'staff'::text])) AND app_private.can_access_clinic(clinic_id))",,"UNCLASSIFIED","UNDECIDED","UNKNOWN"
"public","blocks","blocks_update_for_managers","PERMISSIVE","{public}","UPDATE","((app_private.get_current_role() = ANY (ARRAY['admin'::text, 'clinic_admin'::text, 'manager'::text])) AND app_private.can_access_clinic(clinic_id))",,"UNCLASSIFIED","UNDECIDED","UNKNOWN"
"public","calendar_feed_tokens","calendar_feed_tokens_select_scoped","PERMISSIVE","{public}","SELECT","((app_private.get_current_role() = 'admin'::text) OR (created_by = auth.uid()) OR ((feed_type = 'clinic'::text) AND (clinic_id IS NOT NULL) AND app_private.can_access_clinic(clinic_id)) OR ((feed_type = 'staff'::text) AND (staff_profile_id IS NOT NULL) AND (EXISTS ( SELECT 1
   FROM staff_profiles sp
  WHERE ((sp.id = calendar_feed_tokens.staff_profile_id) AND (sp.user_id = auth.uid()))))) OR ((feed_type = 'staff'::text) AND (staff_profile_id IS NOT NULL) AND (EXISTS ( SELECT 1
   FROM staff_clinic_memberships scm
  WHERE ((scm.staff_profile_id = calendar_feed_tokens.staff_profile_id) AND app_private.can_access_clinic(scm.clinic_id))))))",,"UNCLASSIFIED","UNDECIDED","UNKNOWN"
"public","calendar_feed_tokens","calendar_feed_tokens_write_admin_only","PERMISSIVE","{public}","ALL","(app_private.get_current_role() = 'admin'::text)","(app_private.get_current_role() = 'admin'::text)","UNCLASSIFIED","UNDECIDED","UNKNOWN"
"public","care_episodes","care_episodes_insert_for_staff","PERMISSIVE","{authenticated}","INSERT",,"((app_private.get_current_role() = ANY (ARRAY['admin'::text, 'clinic_admin'::text, 'manager'::text, 'therapist'::text, 'staff'::text])) AND app_private.can_access_clinic(clinic_id))","UNCLASSIFIED","UNDECIDED","UNKNOWN"
"public","care_episodes","care_episodes_select_for_staff","PERMISSIVE","{authenticated}","SELECT","((app_private.get_current_role() = ANY (ARRAY['admin'::text, 'clinic_admin'::text, 'manager'::text, 'therapist'::text, 'staff'::text])) AND app_private.can_access_clinic(clinic_id))",,"UNCLASSIFIED","UNDECIDED","UNKNOWN"
"public","care_episodes","care_episodes_update_for_staff","PERMISSIVE","{authenticated}","UPDATE","((app_private.get_current_role() = ANY (ARRAY['admin'::text, 'clinic_admin'::text, 'manager'::text, 'therapist'::text, 'staff'::text])) AND app_private.can_access_clinic(clinic_id))","((app_private.get_current_role() = ANY (ARRAY['admin'::text, 'clinic_admin'::text, 'manager'::text, 'therapist'::text, 'staff'::text])) AND app_private.can_access_clinic(clinic_id))","UNCLASSIFIED","UNDECIDED","UNKNOWN"
"public","chat_messages","chat_messages_insert","PERMISSIVE","{public}","INSERT",,"(EXISTS ( SELECT 1
   FROM chat_sessions cs
  WHERE ((cs.id = chat_messages.session_id) AND ((cs.user_id = ( SELECT auth.uid() AS uid)) OR ((app_private.get_current_role() = ANY (ARRAY['admin'::text, 'clinic_admin'::text])) AND (cs.clinic_id IS NOT NULL) AND app_private.can_access_clinic(cs.clinic_id)) OR ((cs.clinic_id IS NULL) AND app_private.jwt_is_admin())))))","UNCLASSIFIED","UNDECIDED","UNKNOWN"
"public","chat_messages","chat_messages_select","PERMISSIVE","{public}","SELECT","(EXISTS ( SELECT 1
   FROM chat_sessions cs
  WHERE ((cs.id = chat_messages.session_id) AND ((cs.user_id = ( SELECT auth.uid() AS uid)) OR ((app_private.get_current_role() = ANY (ARRAY['admin'::text, 'clinic_admin'::text])) AND (cs.clinic_id IS NOT NULL) AND app_private.can_access_clinic(cs.clinic_id)) OR ((cs.clinic_id IS NULL) AND app_private.jwt_is_admin())))))",,"UNCLASSIFIED","UNDECIDED","UNKNOWN"
"public","chat_sessions","chat_sessions_delete","PERMISSIVE","{public}","DELETE","(((app_private.get_current_role() = ANY (ARRAY['admin'::text, 'clinic_admin'::text])) AND (clinic_id IS NOT NULL) AND app_private.can_access_clinic(clinic_id)) OR ((clinic_id IS NULL) AND app_private.jwt_is_admin()))",,"UNCLASSIFIED","UNDECIDED","UNKNOWN"
"public","chat_sessions","chat_sessions_insert","PERMISSIVE","{public}","INSERT",,"(((user_id = ( SELECT auth.uid() AS uid)) AND (((clinic_id IS NOT NULL) AND app_private.can_access_clinic(clinic_id)) OR ((clinic_id IS NULL) AND app_private.jwt_is_admin()))) OR ((app_private.get_current_role() = ANY (ARRAY['admin'::text, 'clinic_admin'::text])) AND (clinic_id IS NOT NULL) AND app_private.can_access_clinic(clinic_id)) OR ((clinic_id IS NULL) AND app_private.jwt_is_admin()))","UNCLASSIFIED","UNDECIDED","UNKNOWN"
"public","chat_sessions","chat_sessions_select","PERMISSIVE","{public}","SELECT","((user_id = ( SELECT auth.uid() AS uid)) OR ((app_private.get_current_role() = ANY (ARRAY['admin'::text, 'clinic_admin'::text])) AND (clinic_id IS NOT NULL) AND app_private.can_access_clinic(clinic_id)) OR ((clinic_id IS NULL) AND app_private.jwt_is_admin()))",,"UNCLASSIFIED","UNDECIDED","UNKNOWN"
"public","chat_sessions","chat_sessions_update","PERMISSIVE","{public}","UPDATE","((user_id = ( SELECT auth.uid() AS uid)) OR ((app_private.get_current_role() = ANY (ARRAY['admin'::text, 'clinic_admin'::text])) AND (clinic_id IS NOT NULL) AND app_private.can_access_clinic(clinic_id)) OR ((clinic_id IS NULL) AND app_private.jwt_is_admin()))","(((user_id = ( SELECT auth.uid() AS uid)) AND (((clinic_id IS NOT NULL) AND app_private.can_access_clinic(clinic_id)) OR ((clinic_id IS NULL) AND app_private.jwt_is_admin()))) OR ((app_private.get_current_role() = ANY (ARRAY['admin'::text, 'clinic_admin'::text])) AND (clinic_id IS NOT NULL) AND app_private.can_access_clinic(clinic_id)) OR ((clinic_id IS NULL) AND app_private.jwt_is_admin()))","UNCLASSIFIED","UNDECIDED","UNKNOWN"
"public","clinic_feature_flags","clinic_feature_flags_select_scoped","PERMISSIVE","{public}","SELECT","((app_private.get_current_role() = 'admin'::text) OR app_private.can_access_clinic(clinic_id))",,"UNCLASSIFIED","UNDECIDED","UNKNOWN"
"public","clinic_feature_flags","clinic_feature_flags_write_admin_only","PERMISSIVE","{public}","ALL","(app_private.get_current_role() = 'admin'::text)","(app_private.get_current_role() = 'admin'::text)","UNCLASSIFIED","UNDECIDED","UNKNOWN"
"public","clinic_settings","clinic_settings_delete","PERMISSIVE","{public}","DELETE","((app_private.get_current_role() = ANY (ARRAY['admin'::text, 'clinic_admin'::text])) AND app_private.can_access_clinic(clinic_id))",,"UNCLASSIFIED","UNDECIDED","UNKNOWN"
"public","clinic_settings","clinic_settings_insert","PERMISSIVE","{public}","INSERT",,"((app_private.get_current_role() = ANY (ARRAY['admin'::text, 'clinic_admin'::text, 'manager'::text])) AND app_private.can_access_clinic(clinic_id))","UNCLASSIFIED","UNDECIDED","UNKNOWN"
"public","clinic_settings","clinic_settings_select","PERMISSIVE","{public}","SELECT","((app_private.get_current_role() = ANY (ARRAY['admin'::text, 'clinic_admin'::text, 'manager'::text, 'therapist'::text, 'staff'::text])) AND app_private.can_access_clinic(clinic_id))",,"UNCLASSIFIED","UNDECIDED","UNKNOWN"
"public","clinic_settings","clinic_settings_select_policy","PERMISSIVE","{public}","SELECT","((EXISTS ( SELECT 1
   FROM profiles p
  WHERE ((p.user_id = ( SELECT auth.uid() AS uid)) AND (p.clinic_id = p.clinic_id) AND ((p.role)::text = ANY (ARRAY[('admin'::character varying)::text, ('clinic_admin'::character varying)::text, ('manager'::character varying)::text]))))) OR (EXISTS ( SELECT 1
   FROM user_permissions up
  WHERE ((up.staff_id = ( SELECT auth.uid() AS uid)) AND (up.clinic_id = up.clinic_id) AND ((up.role)::text = ANY (ARRAY[('admin'::character varying)::text, ('clinic_admin'::character varying)::text, ('manager'::character varying)::text]))))))",,"UNCLASSIFIED","UNDECIDED","UNKNOWN"
"public","clinic_settings","clinic_settings_update","PERMISSIVE","{public}","UPDATE","((app_private.get_current_role() = ANY (ARRAY['admin'::text, 'clinic_admin'::text, 'manager'::text])) AND app_private.can_access_clinic(clinic_id))",,"UNCLASSIFIED","UNDECIDED","UNKNOWN"
"public","clinic_settings","clinic_settings_upsert_policy","PERMISSIVE","{public}","ALL","((EXISTS ( SELECT 1
   FROM profiles p
  WHERE ((p.user_id = ( SELECT auth.uid() AS uid)) AND (p.clinic_id = p.clinic_id) AND ((p.role)::text = ANY (ARRAY[('admin'::character varying)::text, ('clinic_admin'::character varying)::text, ('manager'::character varying)::text]))))) OR (EXISTS ( SELECT 1
   FROM user_permissions up
  WHERE ((up.staff_id = ( SELECT auth.uid() AS uid)) AND (up.clinic_id = up.clinic_id) AND ((up.role)::text = ANY (ARRAY[('admin'::character varying)::text, ('clinic_admin'::character varying)::text, ('manager'::character varying)::text]))))))","((EXISTS ( SELECT 1
   FROM profiles p
  WHERE ((p.user_id = ( SELECT auth.uid() AS uid)) AND (p.clinic_id = p.clinic_id) AND ((p.role)::text = ANY (ARRAY[('admin'::character varying)::text, ('clinic_admin'::character varying)::text, ('manager'::character varying)::text]))))) OR (EXISTS ( SELECT 1
   FROM user_permissions up
  WHERE ((up.staff_id = ( SELECT auth.uid() AS uid)) AND (up.clinic_id = up.clinic_id) AND ((up.role)::text = ANY (ARRAY[('admin'::character varying)::text, ('clinic_admin'::character varying)::text, ('manager'::character varying)::text]))))))","UNCLASSIFIED","UNDECIDED","UNKNOWN"
"public","clinics","clinics_admin_insert","PERMISSIVE","{public}","INSERT",,"((app_private.get_current_role() = ANY (ARRAY['admin'::text, 'clinic_admin'::text])) AND (((parent_id IS NOT NULL) AND app_private.can_access_clinic(parent_id)) OR ((parent_id IS NULL) AND app_private.jwt_is_admin())))","UNCLASSIFIED","UNDECIDED","UNKNOWN"
"public","clinics","clinics_admin_select","PERMISSIVE","{public}","SELECT","((app_private.get_current_role() = ANY (ARRAY['admin'::text, 'clinic_admin'::text])) AND app_private.can_access_clinic(id))",,"UNCLASSIFIED","UNDECIDED","UNKNOWN"
"public","clinics","clinics_admin_update","PERMISSIVE","{public}","UPDATE","((app_private.get_current_role() = ANY (ARRAY['admin'::text, 'clinic_admin'::text])) AND app_private.can_access_clinic(id))","((app_private.get_current_role() = ANY (ARRAY['admin'::text, 'clinic_admin'::text])) AND app_private.can_access_clinic(id))","UNCLASSIFIED","UNDECIDED","UNKNOWN"
"public","clinics","clinics_delete_for_admin","PERMISSIVE","{public}","DELETE","(app_private.get_current_role() = 'admin'::text)",,"UNCLASSIFIED","UNDECIDED","UNKNOWN"
"public","clinics","clinics_own_select","PERMISSIVE","{public}","SELECT","app_private.can_access_clinic(id)",,"UNCLASSIFIED","UNDECIDED","UNKNOWN"
"public","critical_incidents","Admins can manage incidents","PERMISSIVE","{public}","ALL","(EXISTS ( SELECT 1
   FROM profiles
  WHERE ((profiles.user_id = ( SELECT auth.uid() AS uid)) AND ((profiles.role)::text = 'admin'::text))))",,"UNCLASSIFIED","UNDECIDED","UNKNOWN"
"public","critical_incidents","Affected clinics can view their incidents","PERMISSIVE","{public}","SELECT","(EXISTS ( SELECT 1
   FROM profiles
  WHERE ((profiles.user_id = ( SELECT auth.uid() AS uid)) AND (profiles.clinic_id = ANY (critical_incidents.affected_clinics)))))",,"UNCLASSIFIED","UNDECIDED","UNKNOWN"
"public","csp_violations","csp_violations_insert_any","PERMISSIVE","{public}","INSERT",,"(( SELECT auth.role() AS role) = 'service_role'::text)","UNCLASSIFIED","UNDECIDED","UNKNOWN"
"public","csp_violations","csp_violations_select_admin","PERMISSIVE","{public}","SELECT","((app_private.get_current_role() = ANY (ARRAY['admin'::text, 'clinic_admin'::text])) AND ((clinic_id IS NULL) OR app_private.can_access_clinic(clinic_id)))",,"UNCLASSIFIED","UNDECIDED","UNKNOWN"
"public","csp_violations","csp_violations_update_admin","PERMISSIVE","{public}","UPDATE","((app_private.get_current_role() = ANY (ARRAY['admin'::text, 'clinic_admin'::text])) AND ((clinic_id IS NULL) OR app_private.can_access_clinic(clinic_id)))",,"UNCLASSIFIED","UNDECIDED","UNKNOWN"
"public","customer_insurance_coverages","customer_insurance_coverages_select_for_staff","PERMISSIVE","{authenticated}","SELECT","((app_private.get_current_role() = ANY (ARRAY['admin'::text, 'clinic_admin'::text, 'manager'::text, 'therapist'::text, 'staff'::text])) AND app_private.can_access_clinic(clinic_id))",,"UNCLASSIFIED","UNDECIDED","UNKNOWN"
"public","customer_insurance_coverages","customer_insurance_coverages_write_for_clinic_pricing_admin","PERMISSIVE","{authenticated}","ALL","((app_private.get_current_role() = ANY (ARRAY['admin'::text, 'clinic_admin'::text])) AND app_private.can_access_clinic(clinic_id))","((app_private.get_current_role() = ANY (ARRAY['admin'::text, 'clinic_admin'::text])) AND app_private.can_access_clinic(clinic_id))","UNCLASSIFIED","UNDECIDED","UNKNOWN"
"public","customers","customers_delete_for_admin","PERMISSIVE","{public}","DELETE","((app_private.get_current_role() = ANY (ARRAY['admin'::text, 'clinic_admin'::text])) AND app_private.can_access_clinic(clinic_id))",,"UNCLASSIFIED","UNDECIDED","UNKNOWN"
"public","customers","customers_insert_for_staff","PERMISSIVE","{public}","INSERT",,"((app_private.get_current_role() = ANY (ARRAY['admin'::text, 'clinic_admin'::text, 'manager'::text, 'staff'::text])) AND app_private.can_access_clinic(clinic_id))","UNCLASSIFIED","UNDECIDED","UNKNOWN"
"public","customers","customers_select_for_staff","PERMISSIVE","{public}","SELECT","((app_private.get_current_role() = ANY (ARRAY['admin'::text, 'clinic_admin'::text, 'manager'::text, 'therapist'::text, 'staff'::text])) AND app_private.can_access_clinic(clinic_id))",,"UNCLASSIFIED","UNDECIDED","UNKNOWN"
"public","customers","customers_update_for_staff","PERMISSIVE","{public}","UPDATE","((app_private.get_current_role() = ANY (ARRAY['admin'::text, 'clinic_admin'::text, 'manager'::text, 'therapist'::text, 'staff'::text])) AND app_private.can_access_clinic(clinic_id))",,"UNCLASSIFIED","UNDECIDED","UNKNOWN"
"public","daily_report_item_tag_definitions","daily_report_item_tag_definitions_select_for_authenticated","PERMISSIVE","{authenticated}","SELECT","true",,"UNCLASSIFIED","UNDECIDED","UNKNOWN"
"public","daily_report_item_tags","daily_report_item_tags_delete_for_managers","PERMISSIVE","{authenticated}","DELETE","((app_private.get_current_role() = ANY (ARRAY['admin'::text, 'clinic_admin'::text, 'manager'::text])) AND app_private.can_access_clinic(clinic_id))",,"UNCLASSIFIED","UNDECIDED","UNKNOWN"
"public","daily_report_item_tags","daily_report_item_tags_insert_for_staff","PERMISSIVE","{authenticated}","INSERT",,"((app_private.get_current_role() = ANY (ARRAY['admin'::text, 'clinic_admin'::text, 'manager'::text, 'therapist'::text, 'staff'::text])) AND app_private.can_access_clinic(clinic_id))","UNCLASSIFIED","UNDECIDED","UNKNOWN"
"public","daily_report_item_tags","daily_report_item_tags_select_for_staff","PERMISSIVE","{authenticated}","SELECT","((app_private.get_current_role() = ANY (ARRAY['admin'::text, 'clinic_admin'::text, 'manager'::text, 'therapist'::text, 'staff'::text])) AND app_private.can_access_clinic(clinic_id))",,"UNCLASSIFIED","UNDECIDED","UNKNOWN"
"public","daily_report_item_tags","daily_report_item_tags_update_for_staff","PERMISSIVE","{authenticated}","UPDATE","((app_private.get_current_role() = ANY (ARRAY['admin'::text, 'clinic_admin'::text, 'manager'::text, 'therapist'::text, 'staff'::text])) AND app_private.can_access_clinic(clinic_id))","((app_private.get_current_role() = ANY (ARRAY['admin'::text, 'clinic_admin'::text, 'manager'::text, 'therapist'::text, 'staff'::text])) AND app_private.can_access_clinic(clinic_id))","UNCLASSIFIED","UNDECIDED","UNKNOWN"
"public","daily_report_items","daily_report_items_delete_for_managers","PERMISSIVE","{public}","DELETE","((app_private.get_current_role() = ANY (ARRAY['admin'::text, 'clinic_admin'::text, 'manager'::text])) AND app_private.can_access_clinic(clinic_id))",,"UNCLASSIFIED","UNDECIDED","UNKNOWN"
"public","daily_report_items","daily_report_items_insert_for_staff","PERMISSIVE","{public}","INSERT",,"((app_private.get_current_role() = ANY (ARRAY['admin'::text, 'clinic_admin'::text, 'manager'::text, 'therapist'::text, 'staff'::text])) AND app_private.can_access_clinic(clinic_id))","UNCLASSIFIED","UNDECIDED","UNKNOWN"
"public","daily_report_items","daily_report_items_select_for_staff","PERMISSIVE","{public}","SELECT","((app_private.get_current_role() = ANY (ARRAY['admin'::text, 'clinic_admin'::text, 'manager'::text, 'therapist'::text, 'staff'::text])) AND app_private.can_access_clinic(clinic_id))",,"UNCLASSIFIED","UNDECIDED","UNKNOWN"
"public","daily_report_items","daily_report_items_update_for_staff","PERMISSIVE","{public}","UPDATE","((app_private.get_current_role() = ANY (ARRAY['admin'::text, 'clinic_admin'::text, 'manager'::text, 'therapist'::text, 'staff'::text])) AND app_private.can_access_clinic(clinic_id))","((app_private.get_current_role() = ANY (ARRAY['admin'::text, 'clinic_admin'::text, 'manager'::text, 'therapist'::text, 'staff'::text])) AND app_private.can_access_clinic(clinic_id))","UNCLASSIFIED","UNDECIDED","UNKNOWN"
"public","daily_reports","daily_reports_delete_for_managers","PERMISSIVE","{public}","DELETE","((app_private.get_current_role() = ANY (ARRAY['admin'::text, 'clinic_admin'::text, 'manager'::text])) AND app_private.can_access_clinic(clinic_id))",,"UNCLASSIFIED","UNDECIDED","UNKNOWN"
"public","daily_reports","daily_reports_insert_for_staff","PERMISSIVE","{public}","INSERT",,"((app_private.get_current_role() = ANY (ARRAY['admin'::text, 'clinic_admin'::text, 'manager'::text, 'therapist'::text, 'staff'::text])) AND app_private.can_access_clinic(clinic_id))","UNCLASSIFIED","UNDECIDED","UNKNOWN"
"public","daily_reports","daily_reports_select_for_staff","PERMISSIVE","{public}","SELECT","((app_private.get_current_role() = ANY (ARRAY['admin'::text, 'clinic_admin'::text, 'manager'::text, 'therapist'::text, 'staff'::text])) AND app_private.can_access_clinic(clinic_id))",,"UNCLASSIFIED","UNDECIDED","UNKNOWN"
"public","daily_reports","daily_reports_update_for_staff","PERMISSIVE","{public}","UPDATE","((app_private.get_current_role() = ANY (ARRAY['admin'::text, 'clinic_admin'::text, 'manager'::text, 'therapist'::text, 'staff'::text])) AND app_private.can_access_clinic(clinic_id))",,"UNCLASSIFIED","UNDECIDED","UNKNOWN"
"public","email_logs","service_role_full_access_logs","PERMISSIVE","{public}","ALL","(auth.role() = 'service_role'::text)","(auth.role() = 'service_role'::text)","UNCLASSIFIED","UNDECIDED","UNKNOWN"
"public","email_outbox","service_role_full_access_outbox","PERMISSIVE","{public}","ALL","(auth.role() = 'service_role'::text)","(auth.role() = 'service_role'::text)","UNCLASSIFIED","UNDECIDED","UNKNOWN"
"public","improvement_backlog","Admins can manage backlog","PERMISSIVE","{public}","ALL","(EXISTS ( SELECT 1
   FROM profiles
  WHERE ((profiles.user_id = ( SELECT auth.uid() AS uid)) AND ((profiles.role)::text = 'admin'::text))))",,"UNCLASSIFIED","UNDECIDED","UNKNOWN"
"public","improvement_backlog","Users can view backlog","PERMISSIVE","{public}","SELECT","true",,"UNCLASSIFIED","UNDECIDED","UNKNOWN"
"public","improvement_backlog","improvement_backlog_admin_all","PERMISSIVE","{public}","ALL","(EXISTS ( SELECT 1
   FROM profiles
  WHERE ((profiles.user_id = ( SELECT auth.uid() AS uid)) AND ((profiles.role)::text = 'admin'::text))))",,"UNCLASSIFIED","UNDECIDED","UNKNOWN"
"public","improvement_backlog","improvement_backlog_authenticated_select","PERMISSIVE","{public}","SELECT","(( SELECT auth.role() AS role) = 'authenticated'::text)",,"UNCLASSIFIED","UNDECIDED","UNKNOWN"
"public","insurance_fee_items","insurance_fee_items_select_for_authenticated","PERMISSIVE","{authenticated}","SELECT","true",,"UNCLASSIFIED","UNDECIDED","UNKNOWN"
"public","insurance_fee_revision_diffs","insurance_fee_revision_diffs_select_for_authenticated","PERMISSIVE","{authenticated}","SELECT","true",,"UNCLASSIFIED","UNDECIDED","UNKNOWN"
"public","insurance_fee_schedules","insurance_fee_schedules_select_for_authenticated","PERMISSIVE","{authenticated}","SELECT","true",,"UNCLASSIFIED","UNDECIDED","UNKNOWN"
"public","insurance_fee_source_snapshots","insurance_fee_source_snapshots_select_for_authenticated","PERMISSIVE","{authenticated}","SELECT","true",,"UNCLASSIFIED","UNDECIDED","UNKNOWN"
"public","insurance_fee_sources","insurance_fee_sources_select_for_authenticated","PERMISSIVE","{authenticated}","SELECT","true",,"UNCLASSIFIED","UNDECIDED","UNKNOWN"
"public","insurance_fee_warning_definitions","insurance_fee_warning_definitions_select_for_authenticated","PERMISSIVE","{authenticated}","SELECT","true",,"UNCLASSIFIED","UNDECIDED","UNKNOWN"
"public","manager_clinic_assignments","manager_clinic_assignments_delete_admin_only","PERMISSIVE","{authenticated}","DELETE","(app_private.get_current_role() = 'admin'::text)",,"UNCLASSIFIED","UNDECIDED","UNKNOWN"
"public","manager_clinic_assignments","manager_clinic_assignments_insert_admin_only","PERMISSIVE","{authenticated}","INSERT",,"(app_private.get_current_role() = 'admin'::text)","UNCLASSIFIED","UNDECIDED","UNKNOWN"
"public","manager_clinic_assignments","manager_clinic_assignments_select_admin_or_self_active","PERMISSIVE","{authenticated}","SELECT","((app_private.get_current_role() = 'admin'::text) OR ((manager_user_id = auth.uid()) AND (revoked_at IS NULL)))",,"UNCLASSIFIED","UNDECIDED","UNKNOWN"
"public","manager_clinic_assignments","manager_clinic_assignments_update_admin_only","PERMISSIVE","{authenticated}","UPDATE","(app_private.get_current_role() = 'admin'::text)","(app_private.get_current_role() = 'admin'::text)","UNCLASSIFIED","UNDECIDED","UNKNOWN"
"public","menu_billing_profiles","menu_billing_profiles_select_for_staff","PERMISSIVE","{authenticated}","SELECT","((app_private.get_current_role() = ANY (ARRAY['admin'::text, 'clinic_admin'::text, 'manager'::text, 'therapist'::text, 'staff'::text])) AND app_private.can_access_clinic(clinic_id))",,"UNCLASSIFIED","UNDECIDED","UNKNOWN"
"public","menu_billing_profiles","menu_billing_profiles_write_for_clinic_pricing_admin","PERMISSIVE","{authenticated}","ALL","((app_private.get_current_role() = ANY (ARRAY['admin'::text, 'clinic_admin'::text])) AND app_private.can_access_clinic(clinic_id))","((app_private.get_current_role() = ANY (ARRAY['admin'::text, 'clinic_admin'::text])) AND app_private.can_access_clinic(clinic_id))","UNCLASSIFIED","UNDECIDED","UNKNOWN"
"public","menu_template_billing_profiles","menu_template_billing_profiles_select_for_managers","PERMISSIVE","{authenticated}","SELECT","((app_private.get_current_role() = ANY (ARRAY['admin'::text, 'clinic_admin'::text, 'manager'::text])) AND app_private.can_access_clinic(owner_clinic_id))",,"UNCLASSIFIED","UNDECIDED","UNKNOWN"
"public","menu_template_billing_profiles","menu_template_billing_profiles_write_for_admin","PERMISSIVE","{authenticated}","ALL","((app_private.get_current_role() = 'admin'::text) AND app_private.can_access_clinic(owner_clinic_id))","((app_private.get_current_role() = 'admin'::text) AND app_private.can_access_clinic(owner_clinic_id))","UNCLASSIFIED","UNDECIDED","UNKNOWN"
"public","menu_templates","menu_templates_delete_for_managers","PERMISSIVE","{public}","DELETE","((app_private.get_current_role() = ANY (ARRAY['admin'::text, 'clinic_admin'::text, 'manager'::text])) AND app_private.can_access_clinic(owner_clinic_id))",,"UNCLASSIFIED","UNDECIDED","UNKNOWN"
"public","menu_templates","menu_templates_insert_for_managers","PERMISSIVE","{public}","INSERT",,"((app_private.get_current_role() = ANY (ARRAY['admin'::text, 'clinic_admin'::text, 'manager'::text])) AND app_private.can_access_clinic(owner_clinic_id))","UNCLASSIFIED","UNDECIDED","UNKNOWN"
"public","menu_templates","menu_templates_select_for_managers","PERMISSIVE","{public}","SELECT","((app_private.get_current_role() = ANY (ARRAY['admin'::text, 'clinic_admin'::text, 'manager'::text])) AND app_private.can_access_clinic(owner_clinic_id))",,"UNCLASSIFIED","UNDECIDED","UNKNOWN"
"public","menu_templates","menu_templates_update_for_managers","PERMISSIVE","{public}","UPDATE","((app_private.get_current_role() = ANY (ARRAY['admin'::text, 'clinic_admin'::text, 'manager'::text])) AND app_private.can_access_clinic(owner_clinic_id))","((app_private.get_current_role() = ANY (ARRAY['admin'::text, 'clinic_admin'::text, 'manager'::text])) AND app_private.can_access_clinic(owner_clinic_id))","UNCLASSIFIED","UNDECIDED","UNKNOWN"
"public","menus","menus_delete_for_admin","PERMISSIVE","{public}","DELETE","((app_private.get_current_role() = ANY (ARRAY['admin'::text, 'clinic_admin'::text])) AND app_private.can_access_clinic(clinic_id))",,"UNCLASSIFIED","UNDECIDED","UNKNOWN"
"public","menus","menus_insert_for_managers","PERMISSIVE","{public}","INSERT",,"((app_private.get_current_role() = ANY (ARRAY['admin'::text, 'clinic_admin'::text, 'manager'::text])) AND app_private.can_access_clinic(clinic_id))","UNCLASSIFIED","UNDECIDED","UNKNOWN"
"public","menus","menus_select_for_managers","PERMISSIVE","{public}","SELECT","((app_private.get_current_role() = ANY (ARRAY['admin'::text, 'clinic_admin'::text, 'manager'::text])) AND app_private.can_access_clinic(clinic_id))",,"UNCLASSIFIED","UNDECIDED","UNKNOWN"
"public","menus","menus_select_for_staff","PERMISSIVE","{authenticated}","SELECT","((app_private.get_current_role() = ANY (ARRAY['therapist'::text, 'staff'::text])) AND app_private.can_access_clinic(clinic_id) AND (is_active = true) AND (is_deleted = false))",,"UNCLASSIFIED","UNDECIDED","UNKNOWN"
"public","menus","menus_update_for_managers","PERMISSIVE","{public}","UPDATE","((app_private.get_current_role() = ANY (ARRAY['admin'::text, 'clinic_admin'::text, 'manager'::text])) AND app_private.can_access_clinic(clinic_id))",,"UNCLASSIFIED","UNDECIDED","UNKNOWN"
"public","mfa_setup_sessions","Users can manage own MFA setup sessions","PERMISSIVE","{public}","ALL","(( SELECT auth.uid() AS uid) = user_id)",,"UNCLASSIFIED","UNDECIDED","UNKNOWN"
"public","mfa_usage_stats","Admins can view MFA usage stats","PERMISSIVE","{public}","SELECT","(EXISTS ( SELECT 1
   FROM profiles p
  WHERE ((p.user_id = ( SELECT auth.uid() AS uid)) AND (p.clinic_id = mfa_usage_stats.clinic_id) AND ((p.role)::text = ANY (ARRAY[('admin'::character varying)::text, ('clinic_admin'::character varying)::text])))))",,"UNCLASSIFIED","UNDECIDED","UNKNOWN"
"public","mfa_usage_stats","mfa_usage_stats_select_policy","PERMISSIVE","{public}","SELECT","(EXISTS ( SELECT 1
   FROM profiles p
  WHERE ((p.user_id = ( SELECT auth.uid() AS uid)) AND (p.clinic_id = mfa_usage_stats.clinic_id) AND ((p.role)::text = ANY (ARRAY[('admin'::character varying)::text, ('clinic_admin'::character varying)::text, ('manager'::character varying)::text])))))",,"UNCLASSIFIED","UNDECIDED","UNKNOWN"
"public","notifications","Users can update their own notifications","PERMISSIVE","{public}","UPDATE","(( SELECT auth.uid() AS uid) = user_id)",,"UNCLASSIFIED","UNDECIDED","UNKNOWN"
"public","notifications","Users can view their own notifications","PERMISSIVE","{public}","SELECT","((( SELECT auth.uid() AS uid) = user_id) OR ((clinic_id IS NOT NULL) AND ((( SELECT auth.jwt() AS jwt) ->> 'clinic_id'::text) = (clinic_id)::text) AND ((( SELECT auth.jwt() AS jwt) ->> 'user_role'::text) = ANY (ARRAY['clinic_admin'::text, 'admin'::text]))))",,"UNCLASSIFIED","UNDECIDED","UNKNOWN"
"public","notifications","notifications_insert_service_role","PERMISSIVE","{public}","INSERT",,"(( SELECT auth.role() AS role) = 'service_role'::text)","UNCLASSIFIED","UNDECIDED","UNKNOWN"
"public","onboarding_states","onboarding_states_self_delete","PERMISSIVE","{public}","DELETE","(user_id = ( SELECT auth.uid() AS uid))",,"UNCLASSIFIED","UNDECIDED","UNKNOWN"
"public","onboarding_states","onboarding_states_self_insert","PERMISSIVE","{public}","INSERT",,"(user_id = ( SELECT auth.uid() AS uid))","UNCLASSIFIED","UNDECIDED","UNKNOWN"
"public","onboarding_states","onboarding_states_self_select","PERMISSIVE","{public}","SELECT","(user_id = ( SELECT auth.uid() AS uid))",,"UNCLASSIFIED","UNDECIDED","UNKNOWN"
"public","onboarding_states","onboarding_states_self_update","PERMISSIVE","{public}","UPDATE","(user_id = ( SELECT auth.uid() AS uid))","(user_id = ( SELECT auth.uid() AS uid))","UNCLASSIFIED","UNDECIDED","UNKNOWN"
"public","patient_outreach_campaigns","patient_outreach_campaigns_insert_scoped","PERMISSIVE","{public}","INSERT",,"((app_private.get_current_role() = ANY (ARRAY['admin'::text, 'clinic_admin'::text, 'manager'::text])) AND app_private.can_access_clinic(clinic_id))","UNCLASSIFIED","UNDECIDED","UNKNOWN"
"public","patient_outreach_campaigns","patient_outreach_campaigns_select_scoped","PERMISSIVE","{public}","SELECT","((app_private.get_current_role() = ANY (ARRAY['admin'::text, 'clinic_admin'::text, 'manager'::text])) AND app_private.can_access_clinic(clinic_id))",,"UNCLASSIFIED","UNDECIDED","UNKNOWN"
"public","patient_outreach_campaigns","patient_outreach_campaigns_update_scoped","PERMISSIVE","{public}","UPDATE","((app_private.get_current_role() = ANY (ARRAY['admin'::text, 'clinic_admin'::text, 'manager'::text])) AND app_private.can_access_clinic(clinic_id))","((app_private.get_current_role() = ANY (ARRAY['admin'::text, 'clinic_admin'::text, 'manager'::text])) AND app_private.can_access_clinic(clinic_id))","UNCLASSIFIED","UNDECIDED","UNKNOWN"
"public","patient_outreach_recipients","patient_outreach_recipients_insert_scoped","PERMISSIVE","{public}","INSERT",,"((app_private.get_current_role() = ANY (ARRAY['admin'::text, 'clinic_admin'::text, 'manager'::text])) AND app_private.can_access_clinic(clinic_id))","UNCLASSIFIED","UNDECIDED","UNKNOWN"
"public","patient_outreach_recipients","patient_outreach_recipients_select_scoped","PERMISSIVE","{public}","SELECT","((app_private.get_current_role() = ANY (ARRAY['admin'::text, 'clinic_admin'::text, 'manager'::text])) AND app_private.can_access_clinic(clinic_id))",,"UNCLASSIFIED","UNDECIDED","UNKNOWN"
"public","patient_outreach_recipients","patient_outreach_recipients_update_scoped","PERMISSIVE","{public}","UPDATE","((app_private.get_current_role() = ANY (ARRAY['admin'::text, 'clinic_admin'::text, 'manager'::text])) AND app_private.can_access_clinic(clinic_id))","((app_private.get_current_role() = ANY (ARRAY['admin'::text, 'clinic_admin'::text, 'manager'::text])) AND app_private.can_access_clinic(clinic_id))","UNCLASSIFIED","UNDECIDED","UNKNOWN"
"public","patients","patients_delete_for_managers","PERMISSIVE","{public}","DELETE","((app_private.get_current_role() = ANY (ARRAY['admin'::text, 'clinic_admin'::text, 'manager'::text])) AND app_private.can_access_clinic(clinic_id))",,"UNCLASSIFIED","UNDECIDED","UNKNOWN"
"public","patients","patients_insert_legacy_block","PERMISSIVE","{public}","INSERT",,"(( SELECT auth.role() AS role) = 'service_role'::text)","UNCLASSIFIED","UNDECIDED","UNKNOWN"
"public","patients","patients_select_for_staff","PERMISSIVE","{public}","SELECT","((app_private.get_current_role() = ANY (ARRAY['admin'::text, 'clinic_admin'::text, 'manager'::text, 'therapist'::text, 'staff'::text])) AND app_private.can_access_clinic(clinic_id))",,"UNCLASSIFIED","UNDECIDED","UNKNOWN"
"public","patients","patients_update_for_staff","PERMISSIVE","{public}","UPDATE","((app_private.get_current_role() = ANY (ARRAY['admin'::text, 'clinic_admin'::text, 'manager'::text, 'therapist'::text, 'staff'::text])) AND app_private.can_access_clinic(clinic_id))",,"UNCLASSIFIED","UNDECIDED","UNKNOWN"
"public","profiles","profiles_admin_select","PERMISSIVE","{public}","SELECT","((app_private.get_current_role() = ANY (ARRAY['admin'::text, 'clinic_admin'::text])) AND ((clinic_id IS NULL) OR app_private.can_access_clinic(clinic_id)))",,"UNCLASSIFIED","UNDECIDED","UNKNOWN"
"public","profiles","profiles_self_select","PERMISSIVE","{public}","SELECT","(user_id = ( SELECT auth.uid() AS uid))",,"UNCLASSIFIED","UNDECIDED","UNKNOWN"
"public","profiles","profiles_self_update","PERMISSIVE","{public}","UPDATE","(user_id = ( SELECT auth.uid() AS uid))","(user_id = ( SELECT auth.uid() AS uid))","UNCLASSIFIED","UNDECIDED","UNKNOWN"
"public","registered_devices","registered_devices_admin_select","PERMISSIVE","{public}","SELECT","((app_private.get_current_role() = ANY (ARRAY['admin'::text, 'clinic_admin'::text])) AND app_private.can_access_clinic(clinic_id))",,"UNCLASSIFIED","UNDECIDED","UNKNOWN"
"public","registered_devices","registered_devices_self_all","PERMISSIVE","{public}","ALL","((( SELECT auth.uid() AS uid) = user_id) AND app_private.can_access_clinic(clinic_id))","((( SELECT auth.uid() AS uid) = user_id) AND app_private.can_access_clinic(clinic_id))","UNCLASSIFIED","UNDECIDED","UNKNOWN"
"public","reservation_history","reservation_history_delete_for_admin","PERMISSIVE","{public}","DELETE","((app_private.get_current_role() = ANY (ARRAY['admin'::text, 'clinic_admin'::text])) AND (((clinic_id IS NOT NULL) AND app_private.can_access_clinic(clinic_id)) OR ((clinic_id IS NULL) AND (EXISTS ( SELECT 1
   FROM reservations r
  WHERE ((r.id = reservation_history.reservation_id) AND app_private.can_access_clinic(r.clinic_id)))))))",,"UNCLASSIFIED","UNDECIDED","UNKNOWN"
"public","reservation_history","reservation_history_insert_service_role","PERMISSIVE","{public}","INSERT",,"(( SELECT auth.role() AS role) = 'service_role'::text)","UNCLASSIFIED","UNDECIDED","UNKNOWN"
"public","reservation_history","reservation_history_select_for_staff","PERMISSIVE","{public}","SELECT","((app_private.get_current_role() = ANY (ARRAY['admin'::text, 'clinic_admin'::text, 'manager'::text, 'therapist'::text, 'staff'::text])) AND (((clinic_id IS NOT NULL) AND app_private.can_access_clinic(clinic_id)) OR ((clinic_id IS NULL) AND (EXISTS ( SELECT 1
   FROM reservations r
  WHERE ((r.id = reservation_history.reservation_id) AND app_private.can_access_clinic(r.clinic_id)))))))",,"UNCLASSIFIED","UNDECIDED","UNKNOWN"
"public","reservation_history","reservation_history_update_for_admin","PERMISSIVE","{public}","UPDATE","((app_private.get_current_role() = ANY (ARRAY['admin'::text, 'clinic_admin'::text])) AND (((clinic_id IS NOT NULL) AND app_private.can_access_clinic(clinic_id)) OR ((clinic_id IS NULL) AND (EXISTS ( SELECT 1
   FROM reservations r
  WHERE ((r.id = reservation_history.reservation_id) AND app_private.can_access_clinic(r.clinic_id)))))))",,"UNCLASSIFIED","UNDECIDED","UNKNOWN"
"public","reservation_notifications","service_role_full_access_reservation_notifications","PERMISSIVE","{public}","ALL","(auth.role() = 'service_role'::text)","(auth.role() = 'service_role'::text)","UNCLASSIFIED","UNDECIDED","UNKNOWN"
"public","reservations","reservations_delete_for_managers","PERMISSIVE","{public}","DELETE","((app_private.get_current_role() = ANY (ARRAY['admin'::text, 'clinic_admin'::text, 'manager'::text])) AND app_private.can_access_clinic(clinic_id))",,"UNCLASSIFIED","UNDECIDED","UNKNOWN"
"public","reservations","reservations_insert_for_staff","PERMISSIVE","{public}","INSERT",,"((app_private.get_current_role() = ANY (ARRAY['admin'::text, 'clinic_admin'::text, 'manager'::text, 'therapist'::text, 'staff'::text])) AND app_private.can_access_clinic(clinic_id))","UNCLASSIFIED","UNDECIDED","UNKNOWN"
"public","reservations","reservations_select_for_staff","PERMISSIVE","{public}","SELECT","((app_private.get_current_role() = ANY (ARRAY['admin'::text, 'clinic_admin'::text, 'manager'::text, 'therapist'::text, 'staff'::text])) AND app_private.can_access_clinic(clinic_id))",,"UNCLASSIFIED","UNDECIDED","UNKNOWN"
"public","reservations","reservations_update_for_staff","PERMISSIVE","{public}","UPDATE","((app_private.get_current_role() = ANY (ARRAY['admin'::text, 'clinic_admin'::text, 'manager'::text, 'therapist'::text, 'staff'::text])) AND app_private.can_access_clinic(clinic_id))",,"UNCLASSIFIED","UNDECIDED","UNKNOWN"
"public","resources","resources_delete_for_admin","PERMISSIVE","{public}","DELETE","((app_private.get_current_role() = ANY (ARRAY['admin'::text, 'clinic_admin'::text])) AND app_private.can_access_clinic(clinic_id))",,"UNCLASSIFIED","UNDECIDED","UNKNOWN"
"public","resources","resources_insert_for_managers","PERMISSIVE","{public}","INSERT",,"((app_private.get_current_role() = ANY (ARRAY['admin'::text, 'clinic_admin'::text, 'manager'::text])) AND app_private.can_access_clinic(clinic_id))","UNCLASSIFIED","UNDECIDED","UNKNOWN"
"public","resources","resources_select_for_staff","PERMISSIVE","{public}","SELECT","((app_private.get_current_role() = ANY (ARRAY['admin'::text, 'clinic_admin'::text, 'manager'::text, 'therapist'::text, 'staff'::text])) AND app_private.can_access_clinic(clinic_id))",,"UNCLASSIFIED","UNDECIDED","UNKNOWN"
"public","resources","resources_update_for_managers","PERMISSIVE","{public}","UPDATE","((app_private.get_current_role() = ANY (ARRAY['admin'::text, 'clinic_admin'::text, 'manager'::text])) AND app_private.can_access_clinic(clinic_id))",,"UNCLASSIFIED","UNDECIDED","UNKNOWN"
"public","revenue_contexts","revenue_contexts_select_for_authenticated","PERMISSIVE","{authenticated}","SELECT","true",,"UNCLASSIFIED","UNDECIDED","UNKNOWN"
"public","revenue_estimate_lines","revenue_estimate_lines_select_for_staff","PERMISSIVE","{authenticated}","SELECT","((app_private.get_current_role() = ANY (ARRAY['admin'::text, 'clinic_admin'::text, 'manager'::text, 'therapist'::text, 'staff'::text])) AND app_private.can_access_clinic(clinic_id))",,"UNCLASSIFIED","UNDECIDED","UNKNOWN"
"public","revenue_estimate_lines","revenue_estimate_lines_write_for_staff","PERMISSIVE","{authenticated}","ALL","((app_private.get_current_role() = ANY (ARRAY['admin'::text, 'clinic_admin'::text, 'manager'::text, 'therapist'::text, 'staff'::text])) AND app_private.can_access_clinic(clinic_id))","((app_private.get_current_role() = ANY (ARRAY['admin'::text, 'clinic_admin'::text, 'manager'::text, 'therapist'::text, 'staff'::text])) AND app_private.can_access_clinic(clinic_id))","UNCLASSIFIED","UNDECIDED","UNKNOWN"
"public","revenue_estimate_overrides","revenue_estimate_overrides_insert_for_staff","PERMISSIVE","{authenticated}","INSERT",,"((app_private.get_current_role() = ANY (ARRAY['admin'::text, 'clinic_admin'::text, 'manager'::text, 'therapist'::text, 'staff'::text])) AND app_private.can_access_clinic(clinic_id))","UNCLASSIFIED","UNDECIDED","UNKNOWN"
"public","revenue_estimate_overrides","revenue_estimate_overrides_select_for_staff","PERMISSIVE","{authenticated}","SELECT","((app_private.get_current_role() = ANY (ARRAY['admin'::text, 'clinic_admin'::text, 'manager'::text, 'therapist'::text, 'staff'::text])) AND app_private.can_access_clinic(clinic_id))",,"UNCLASSIFIED","UNDECIDED","UNKNOWN"
"public","revenue_estimate_warnings","revenue_estimate_warnings_select_for_staff","PERMISSIVE","{authenticated}","SELECT","((app_private.get_current_role() = ANY (ARRAY['admin'::text, 'clinic_admin'::text, 'manager'::text, 'therapist'::text, 'staff'::text])) AND app_private.can_access_clinic(clinic_id))",,"UNCLASSIFIED","UNDECIDED","UNKNOWN"
"public","revenue_estimate_warnings","revenue_estimate_warnings_write_for_staff","PERMISSIVE","{authenticated}","ALL","((app_private.get_current_role() = ANY (ARRAY['admin'::text, 'clinic_admin'::text, 'manager'::text, 'therapist'::text, 'staff'::text])) AND app_private.can_access_clinic(clinic_id))","((app_private.get_current_role() = ANY (ARRAY['admin'::text, 'clinic_admin'::text, 'manager'::text, 'therapist'::text, 'staff'::text])) AND app_private.can_access_clinic(clinic_id))","UNCLASSIFIED","UNDECIDED","UNKNOWN"
"public","revenue_estimates","revenue_estimates_select_for_staff","PERMISSIVE","{authenticated}","SELECT","((app_private.get_current_role() = ANY (ARRAY['admin'::text, 'clinic_admin'::text, 'manager'::text, 'therapist'::text, 'staff'::text])) AND app_private.can_access_clinic(clinic_id))",,"UNCLASSIFIED","UNDECIDED","UNKNOWN"
"public","revenue_estimates","revenue_estimates_write_for_staff","PERMISSIVE","{authenticated}","ALL","((app_private.get_current_role() = ANY (ARRAY['admin'::text, 'clinic_admin'::text, 'manager'::text, 'therapist'::text, 'staff'::text])) AND app_private.can_access_clinic(clinic_id))","((app_private.get_current_role() = ANY (ARRAY['admin'::text, 'clinic_admin'::text, 'manager'::text, 'therapist'::text, 'staff'::text])) AND app_private.can_access_clinic(clinic_id))","UNCLASSIFIED","UNDECIDED","UNKNOWN"
"public","revenues","revenues_delete_for_admin","PERMISSIVE","{public}","DELETE","((app_private.get_current_role() = 'admin'::text) AND app_private.can_access_clinic(clinic_id))",,"UNCLASSIFIED","UNDECIDED","UNKNOWN"
"public","revenues","revenues_insert_for_managers","PERMISSIVE","{public}","INSERT",,"((app_private.get_current_role() = ANY (ARRAY['admin'::text, 'clinic_admin'::text, 'manager'::text])) AND app_private.can_access_clinic(clinic_id))","UNCLASSIFIED","UNDECIDED","UNKNOWN"
"public","revenues","revenues_select_for_managers","PERMISSIVE","{public}","SELECT","((app_private.get_current_role() = ANY (ARRAY['admin'::text, 'clinic_admin'::text, 'manager'::text])) AND app_private.can_access_clinic(clinic_id))",,"UNCLASSIFIED","UNDECIDED","UNKNOWN"
"public","revenues","revenues_update_for_managers","PERMISSIVE","{public}","UPDATE","((app_private.get_current_role() = ANY (ARRAY['admin'::text, 'clinic_admin'::text, 'manager'::text])) AND app_private.can_access_clinic(clinic_id))",,"UNCLASSIFIED","UNDECIDED","UNKNOWN"
"public","security_alerts","security_alerts_insert_any","PERMISSIVE","{public}","INSERT",,"(( SELECT auth.role() AS role) = 'service_role'::text)","UNCLASSIFIED","UNDECIDED","UNKNOWN"
"public","security_alerts","security_alerts_select_admin","PERMISSIVE","{public}","SELECT","((app_private.get_current_role() = ANY (ARRAY['admin'::text, 'clinic_admin'::text])) AND ((clinic_id IS NULL) OR app_private.can_access_clinic(clinic_id)))",,"UNCLASSIFIED","UNDECIDED","UNKNOWN"
"public","security_alerts","security_alerts_update_admin","PERMISSIVE","{public}","UPDATE","((app_private.get_current_role() = ANY (ARRAY['admin'::text, 'clinic_admin'::text])) AND ((clinic_id IS NULL) OR app_private.can_access_clinic(clinic_id)))",,"UNCLASSIFIED","UNDECIDED","UNKNOWN"
"public","security_events","security_events_admin_select","PERMISSIVE","{public}","SELECT","((app_private.get_current_role() = ANY (ARRAY['admin'::text, 'clinic_admin'::text])) AND (((clinic_id IS NOT NULL) AND app_private.can_access_clinic(clinic_id)) OR ((clinic_id IS NULL) AND app_private.jwt_is_admin())))",,"UNCLASSIFIED","UNDECIDED","UNKNOWN"
"public","security_events","security_events_admin_update","PERMISSIVE","{public}","UPDATE","((app_private.get_current_role() = ANY (ARRAY['admin'::text, 'clinic_admin'::text])) AND (((clinic_id IS NOT NULL) AND app_private.can_access_clinic(clinic_id)) OR ((clinic_id IS NULL) AND app_private.jwt_is_admin())))",,"UNCLASSIFIED","UNDECIDED","UNKNOWN"
"public","security_events","security_events_insert_service_role","PERMISSIVE","{public}","INSERT",,"(( SELECT auth.role() AS role) = 'service_role'::text)","UNCLASSIFIED","UNDECIDED","UNKNOWN"
"public","security_events","security_events_self_select","PERMISSIVE","{public}","SELECT","((( SELECT auth.uid() AS uid) = user_id) AND (((clinic_id IS NOT NULL) AND app_private.can_access_clinic(clinic_id)) OR ((clinic_id IS NULL) AND app_private.jwt_is_admin())))",,"UNCLASSIFIED","UNDECIDED","UNKNOWN"
"public","session_policies","session_policies_admin_all","PERMISSIVE","{public}","ALL","((app_private.get_current_role() = ANY (ARRAY['admin'::text, 'clinic_admin'::text])) AND app_private.can_access_clinic(clinic_id))","((app_private.get_current_role() = ANY (ARRAY['admin'::text, 'clinic_admin'::text])) AND app_private.can_access_clinic(clinic_id))","UNCLASSIFIED","UNDECIDED","UNKNOWN"
"public","session_policies","session_policies_staff_select","PERMISSIVE","{public}","SELECT","((app_private.get_current_role() = ANY (ARRAY['manager'::text, 'therapist'::text, 'staff'::text])) AND app_private.can_access_clinic(clinic_id))",,"UNCLASSIFIED","UNDECIDED","UNKNOWN"
"public","shift_request_audit_logs","shift_request_audit_logs_select_scoped","PERMISSIVE","{authenticated}","SELECT","((app_private.get_current_role() = ANY (ARRAY['admin'::text, 'manager'::text, 'clinic_admin'::text])) AND app_private.can_access_clinic(clinic_id))",,"UNCLASSIFIED","UNDECIDED","UNKNOWN"
"public","shift_request_periods","shift_request_periods_insert_managers","PERMISSIVE","{authenticated}","INSERT",,"((app_private.get_current_role() = ANY (ARRAY['admin'::text, 'manager'::text, 'clinic_admin'::text])) AND app_private.can_access_clinic(clinic_id))","UNCLASSIFIED","UNDECIDED","UNKNOWN"
"public","shift_request_periods","shift_request_periods_select_scoped","PERMISSIVE","{authenticated}","SELECT","((app_private.get_current_role() = ANY (ARRAY['admin'::text, 'manager'::text, 'clinic_admin'::text, 'therapist'::text, 'staff'::text])) AND app_private.can_access_clinic(clinic_id))",,"UNCLASSIFIED","UNDECIDED","UNKNOWN"
"public","shift_request_periods","shift_request_periods_update_managers","PERMISSIVE","{authenticated}","UPDATE","((app_private.get_current_role() = ANY (ARRAY['admin'::text, 'manager'::text, 'clinic_admin'::text])) AND app_private.can_access_clinic(clinic_id))","(app_private.can_access_clinic(clinic_id) AND ((app_private.get_current_role() = ANY (ARRAY['admin'::text, 'manager'::text])) OR ((app_private.get_current_role() = 'clinic_admin'::text) AND (status = ANY (ARRAY['draft'::text, 'open'::text, 'closed'::text])))))","UNCLASSIFIED","UNDECIDED","UNKNOWN"
"public","shift_requests","shift_requests_insert_scoped","PERMISSIVE","{authenticated}","INSERT",,"(((app_private.get_current_role() = ANY (ARRAY['admin'::text, 'manager'::text, 'clinic_admin'::text])) AND app_private.can_access_clinic(clinic_id)) OR ((app_private.get_current_role() = ANY (ARRAY['therapist'::text, 'staff'::text])) AND app_private.can_access_clinic(clinic_id) AND (staff_id = auth.uid()) AND (submitted_by = auth.uid()) AND (submitted_for_role = app_private.get_current_role())))","UNCLASSIFIED","UNDECIDED","UNKNOWN"
"public","shift_requests","shift_requests_select_scoped","PERMISSIVE","{authenticated}","SELECT","(((app_private.get_current_role() = ANY (ARRAY['admin'::text, 'manager'::text, 'clinic_admin'::text])) AND app_private.can_access_clinic(clinic_id)) OR ((app_private.get_current_role() = ANY (ARRAY['therapist'::text, 'staff'::text])) AND app_private.can_access_clinic(clinic_id) AND (staff_id = auth.uid())))",,"UNCLASSIFIED","UNDECIDED","UNKNOWN"
"public","shift_requests","shift_requests_update_scoped","PERMISSIVE","{authenticated}","UPDATE","(((app_private.get_current_role() = ANY (ARRAY['admin'::text, 'manager'::text, 'clinic_admin'::text])) AND app_private.can_access_clinic(clinic_id)) OR ((app_private.get_current_role() = ANY (ARRAY['therapist'::text, 'staff'::text])) AND app_private.can_access_clinic(clinic_id) AND (staff_id = auth.uid())))","(((app_private.get_current_role() = ANY (ARRAY['admin'::text, 'manager'::text])) AND app_private.can_access_clinic(clinic_id)) OR ((app_private.get_current_role() = 'clinic_admin'::text) AND app_private.can_access_clinic(clinic_id) AND (status <> 'converted'::text)) OR ((app_private.get_current_role() = ANY (ARRAY['therapist'::text, 'staff'::text])) AND app_private.can_access_clinic(clinic_id) AND (staff_id = auth.uid()) AND (status = ANY (ARRAY['draft'::text, 'submitted'::text, 'rejected'::text, 'withdrawn'::text])) AND (converted_shift_id IS NULL)))","UNCLASSIFIED","UNDECIDED","UNKNOWN"
"public","staff","staff_delete_for_managers","PERMISSIVE","{public}","DELETE","((app_private.get_current_role() = ANY (ARRAY['admin'::text, 'clinic_admin'::text, 'manager'::text])) AND app_private.can_access_clinic(clinic_id))",,"UNCLASSIFIED","UNDECIDED","UNKNOWN"
"public","staff","staff_insert_legacy_block","PERMISSIVE","{public}","INSERT",,"(( SELECT auth.role() AS role) = 'service_role'::text)","UNCLASSIFIED","UNDECIDED","UNKNOWN"
"public","staff","staff_select_for_staff","PERMISSIVE","{public}","SELECT","((app_private.get_current_role() = ANY (ARRAY['admin'::text, 'clinic_admin'::text, 'manager'::text, 'therapist'::text, 'staff'::text])) AND app_private.can_access_clinic(clinic_id))",,"UNCLASSIFIED","UNDECIDED","UNKNOWN"
"public","staff","staff_update_for_staff","PERMISSIVE","{public}","UPDATE","((app_private.get_current_role() = ANY (ARRAY['admin'::text, 'clinic_admin'::text, 'manager'::text, 'therapist'::text, 'staff'::text])) AND app_private.can_access_clinic(clinic_id))",,"UNCLASSIFIED","UNDECIDED","UNKNOWN"
"public","staff_clinic_memberships","staff_clinic_memberships_select_scoped","PERMISSIVE","{public}","SELECT","((app_private.get_current_role() = 'admin'::text) OR app_private.can_access_clinic(clinic_id) OR (EXISTS ( SELECT 1
   FROM staff_profiles sp
  WHERE ((sp.id = staff_clinic_memberships.staff_profile_id) AND (sp.user_id = auth.uid())))))",,"UNCLASSIFIED","UNDECIDED","UNKNOWN"
"public","staff_clinic_memberships","staff_clinic_memberships_write_admin_only","PERMISSIVE","{public}","ALL","(app_private.get_current_role() = 'admin'::text)","(app_private.get_current_role() = 'admin'::text)","UNCLASSIFIED","UNDECIDED","UNKNOWN"
"public","staff_invites","staff_invites_clinic_admin_select","PERMISSIVE","{public}","SELECT","((app_private.get_current_role() = ANY (ARRAY['admin'::text, 'clinic_admin'::text, 'manager'::text])) AND app_private.can_access_clinic(clinic_id))",,"UNCLASSIFIED","UNDECIDED","UNKNOWN"
"public","staff_invites","staff_invites_creator_delete","PERMISSIVE","{public}","DELETE","((created_by = ( SELECT auth.uid() AS uid)) AND app_private.can_access_clinic(clinic_id) AND (app_private.get_current_role() = ANY (ARRAY['admin'::text, 'clinic_admin'::text, 'manager'::text])))",,"UNCLASSIFIED","UNDECIDED","UNKNOWN"
"public","staff_invites","staff_invites_creator_insert","PERMISSIVE","{public}","INSERT",,"((created_by = ( SELECT auth.uid() AS uid)) AND app_private.can_access_clinic(clinic_id) AND (app_private.get_current_role() = ANY (ARRAY['admin'::text, 'clinic_admin'::text, 'manager'::text])))","UNCLASSIFIED","UNDECIDED","UNKNOWN"
"public","staff_invites","staff_invites_creator_select","PERMISSIVE","{public}","SELECT","((created_by = ( SELECT auth.uid() AS uid)) AND app_private.can_access_clinic(clinic_id))",,"UNCLASSIFIED","UNDECIDED","UNKNOWN"
"public","staff_invites","staff_invites_creator_update","PERMISSIVE","{public}","UPDATE","((created_by = ( SELECT auth.uid() AS uid)) AND app_private.can_access_clinic(clinic_id) AND (app_private.get_current_role() = ANY (ARRAY['admin'::text, 'clinic_admin'::text, 'manager'::text])))","((created_by = ( SELECT auth.uid() AS uid)) AND app_private.can_access_clinic(clinic_id) AND (app_private.get_current_role() = ANY (ARRAY['admin'::text, 'clinic_admin'::text, 'manager'::text])))","UNCLASSIFIED","UNDECIDED","UNKNOWN"
"public","staff_performance","staff_performance_delete_for_managers","PERMISSIVE","{public}","DELETE","((app_private.get_current_role() = ANY (ARRAY['admin'::text, 'clinic_admin'::text, 'manager'::text])) AND app_private.can_access_clinic(clinic_id))",,"UNCLASSIFIED","UNDECIDED","UNKNOWN"
"public","staff_performance","staff_performance_insert_for_staff","PERMISSIVE","{public}","INSERT",,"((app_private.get_current_role() = ANY (ARRAY['admin'::text, 'clinic_admin'::text, 'manager'::text, 'therapist'::text, 'staff'::text])) AND app_private.can_access_clinic(clinic_id))","UNCLASSIFIED","UNDECIDED","UNKNOWN"
"public","staff_performance","staff_performance_select_for_staff","PERMISSIVE","{public}","SELECT","((app_private.get_current_role() = ANY (ARRAY['admin'::text, 'clinic_admin'::text, 'manager'::text, 'therapist'::text, 'staff'::text])) AND app_private.can_access_clinic(clinic_id))",,"UNCLASSIFIED","UNDECIDED","UNKNOWN"
"public","staff_performance","staff_performance_update_for_staff","PERMISSIVE","{public}","UPDATE","((app_private.get_current_role() = ANY (ARRAY['admin'::text, 'clinic_admin'::text, 'manager'::text, 'therapist'::text, 'staff'::text])) AND app_private.can_access_clinic(clinic_id))",,"UNCLASSIFIED","UNDECIDED","UNKNOWN"
"public","staff_preferences","staff_preferences_delete","PERMISSIVE","{public}","DELETE","((app_private.get_current_role() = ANY (ARRAY['admin'::text, 'clinic_admin'::text, 'manager'::text])) AND app_private.can_access_clinic(clinic_id))",,"UNCLASSIFIED","UNDECIDED","UNKNOWN"
"public","staff_preferences","staff_preferences_insert_policy","PERMISSIVE","{authenticated}","INSERT",,"((app_private.get_current_role() = ANY (ARRAY['admin'::text, 'clinic_admin'::text, 'manager'::text])) AND app_private.can_access_clinic(clinic_id))","UNCLASSIFIED","UNDECIDED","UNKNOWN"
"public","staff_preferences","staff_preferences_select","PERMISSIVE","{public}","SELECT","((app_private.get_current_role() = ANY (ARRAY['admin'::text, 'clinic_admin'::text, 'manager'::text, 'therapist'::text, 'staff'::text])) AND app_private.can_access_clinic(clinic_id))",,"UNCLASSIFIED","UNDECIDED","UNKNOWN"
"public","staff_preferences","staff_preferences_update","PERMISSIVE","{public}","UPDATE","(app_private.can_access_clinic(clinic_id) AND ((staff_id = ( SELECT auth.uid() AS uid)) OR (app_private.get_current_role() = ANY (ARRAY['admin'::text, 'clinic_admin'::text, 'manager'::text]))))",,"UNCLASSIFIED","UNDECIDED","UNKNOWN"
"public","staff_preferences","staff_preferences_update_policy","PERMISSIVE","{public}","UPDATE","((app_private.get_current_role() = ANY (ARRAY['admin'::text, 'clinic_admin'::text, 'manager'::text])) AND app_private.can_access_clinic(clinic_id))",,"UNCLASSIFIED","UNDECIDED","UNKNOWN"
"public","staff_preferences","staff_preferences_upsert_policy","PERMISSIVE","{public}","ALL","((clinic_id IN ( SELECT up.clinic_id
   FROM user_permissions up
  WHERE ((up.staff_id = ( SELECT auth.uid() AS uid)) AND ((up.role)::text = ANY (ARRAY[('admin'::character varying)::text, ('clinic_admin'::character varying)::text]))))) OR (staff_id = ( SELECT auth.uid() AS uid)))",,"UNCLASSIFIED","UNDECIDED","UNKNOWN"
"public","staff_profiles","staff_profiles_select_scoped","PERMISSIVE","{public}","SELECT","((app_private.get_current_role() = 'admin'::text) OR (user_id = auth.uid()) OR (EXISTS ( SELECT 1
   FROM staff_clinic_memberships scm
  WHERE ((scm.staff_profile_id = staff_profiles.id) AND app_private.can_access_clinic(scm.clinic_id)))))",,"UNCLASSIFIED","UNDECIDED","UNKNOWN"
"public","staff_profiles","staff_profiles_write_admin_only","PERMISSIVE","{public}","ALL","(app_private.get_current_role() = 'admin'::text)","(app_private.get_current_role() = 'admin'::text)","UNCLASSIFIED","UNDECIDED","UNKNOWN"
"public","staff_shifts","staff_shifts_delete","PERMISSIVE","{public}","DELETE","((app_private.get_current_role() = ANY (ARRAY['admin'::text, 'clinic_admin'::text, 'manager'::text])) AND app_private.can_access_clinic(clinic_id))",,"UNCLASSIFIED","UNDECIDED","UNKNOWN"
"public","staff_shifts","staff_shifts_insert","PERMISSIVE","{public}","INSERT",,"((app_private.get_current_role() = ANY (ARRAY['admin'::text, 'clinic_admin'::text, 'manager'::text])) AND app_private.can_access_clinic(clinic_id))","UNCLASSIFIED","UNDECIDED","UNKNOWN"
"public","staff_shifts","staff_shifts_select","PERMISSIVE","{public}","SELECT","((app_private.get_current_role() = ANY (ARRAY['admin'::text, 'clinic_admin'::text, 'manager'::text, 'therapist'::text, 'staff'::text])) AND app_private.can_access_clinic(clinic_id))",,"UNCLASSIFIED","UNDECIDED","UNKNOWN"
"public","staff_shifts","staff_shifts_update","PERMISSIVE","{public}","UPDATE","((app_private.get_current_role() = ANY (ARRAY['admin'::text, 'clinic_admin'::text, 'manager'::text])) AND app_private.can_access_clinic(clinic_id))",,"UNCLASSIFIED","UNDECIDED","UNKNOWN"
"public","stripe_webhook_events","service_role full access stripe webhook events","PERMISSIVE","{public}","ALL","(auth.role() = 'service_role'::text)","(auth.role() = 'service_role'::text)","UNCLASSIFIED","UNDECIDED","UNKNOWN"
"public","subscriptions","customer admin can read own subscription","PERMISSIVE","{authenticated}","SELECT","(app_private.is_admin() AND app_private.can_access_clinic(org_root_clinic_id))",,"UNCLASSIFIED","UNDECIDED","UNKNOWN"
"public","subscriptions","service_role full access subscriptions","PERMISSIVE","{public}","ALL","(auth.role() = 'service_role'::text)","(auth.role() = 'service_role'::text)","UNCLASSIFIED","UNDECIDED","UNKNOWN"
"public","user_mfa_settings","Admins can view clinic MFA settings","PERMISSIVE","{public}","SELECT","(EXISTS ( SELECT 1
   FROM profiles p
  WHERE ((p.user_id = ( SELECT auth.uid() AS uid)) AND (p.clinic_id = user_mfa_settings.clinic_id) AND ((p.role)::text = ANY (ARRAY[('admin'::character varying)::text, ('clinic_admin'::character varying)::text])))))",,"UNCLASSIFIED","UNDECIDED","UNKNOWN"
"public","user_mfa_settings","Users can insert own MFA settings","PERMISSIVE","{public}","INSERT",,"(( SELECT auth.uid() AS uid) = user_id)","UNCLASSIFIED","UNDECIDED","UNKNOWN"
"public","user_mfa_settings","Users can update own MFA settings","PERMISSIVE","{public}","UPDATE","(( SELECT auth.uid() AS uid) = user_id)",,"UNCLASSIFIED","UNDECIDED","UNKNOWN"
"public","user_mfa_settings","Users can view own MFA settings","PERMISSIVE","{public}","SELECT","(( SELECT auth.uid() AS uid) = user_id)",,"UNCLASSIFIED","UNDECIDED","UNKNOWN"
"public","user_mfa_settings","user_mfa_settings_select_policy","PERMISSIVE","{public}","SELECT","((user_id = ( SELECT auth.uid() AS uid)) OR (EXISTS ( SELECT 1
   FROM profiles p
  WHERE ((p.user_id = ( SELECT auth.uid() AS uid)) AND (p.clinic_id = user_mfa_settings.clinic_id) AND ((p.role)::text = ANY (ARRAY[('admin'::character varying)::text, ('clinic_admin'::character varying)::text, ('manager'::character varying)::text]))))))",,"UNCLASSIFIED","UNDECIDED","UNKNOWN"
"public","user_permissions","user_permissions_admin_manage","PERMISSIVE","{public}","ALL","((app_private.get_current_role() = ANY (ARRAY['admin'::text, 'clinic_admin'::text])) AND app_private.can_access_clinic(clinic_id))","((app_private.get_current_role() = ANY (ARRAY['admin'::text, 'clinic_admin'::text])) AND app_private.can_access_clinic(clinic_id))","UNCLASSIFIED","UNDECIDED","UNKNOWN"
"public","user_permissions","user_permissions_self_select","PERMISSIVE","{public}","SELECT","(staff_id = ( SELECT auth.uid() AS uid))",,"UNCLASSIFIED","UNDECIDED","UNKNOWN"
"public","user_sessions","user_sessions_admin_delete","PERMISSIVE","{public}","DELETE","((app_private.get_current_role() = ANY (ARRAY['admin'::text, 'clinic_admin'::text])) AND app_private.can_access_clinic(clinic_id))",,"UNCLASSIFIED","UNDECIDED","UNKNOWN"
"public","user_sessions","user_sessions_admin_select","PERMISSIVE","{public}","SELECT","((app_private.get_current_role() = ANY (ARRAY['admin'::text, 'clinic_admin'::text])) AND app_private.can_access_clinic(clinic_id))",,"UNCLASSIFIED","UNDECIDED","UNKNOWN"
"public","user_sessions","user_sessions_self_insert","PERMISSIVE","{public}","INSERT",,"((( SELECT auth.uid() AS uid) = user_id) AND app_private.can_access_clinic(clinic_id))","UNCLASSIFIED","UNDECIDED","UNKNOWN"
"public","user_sessions","user_sessions_self_select","PERMISSIVE","{public}","SELECT","((( SELECT auth.uid() AS uid) = user_id) AND app_private.can_access_clinic(clinic_id))",,"UNCLASSIFIED","UNDECIDED","UNKNOWN"
"public","user_sessions","user_sessions_self_update","PERMISSIVE","{public}","UPDATE","((( SELECT auth.uid() AS uid) = user_id) AND app_private.can_access_clinic(clinic_id))",,"UNCLASSIFIED","UNDECIDED","UNKNOWN"
"public","visit_stage_definitions","visit_stage_definitions_select_for_authenticated","PERMISSIVE","{authenticated}","SELECT","true",,"UNCLASSIFIED","UNDECIDED","UNKNOWN"
"public","visits","visits_delete_for_managers","PERMISSIVE","{public}","DELETE","((app_private.get_current_role() = ANY (ARRAY['admin'::text, 'clinic_admin'::text, 'manager'::text])) AND app_private.can_access_clinic(clinic_id))",,"UNCLASSIFIED","UNDECIDED","UNKNOWN"
"public","visits","visits_insert_for_staff","PERMISSIVE","{public}","INSERT",,"((app_private.get_current_role() = ANY (ARRAY['admin'::text, 'clinic_admin'::text, 'manager'::text, 'therapist'::text, 'staff'::text])) AND app_private.can_access_clinic(clinic_id))","UNCLASSIFIED","UNDECIDED","UNKNOWN"
"public","visits","visits_select_for_staff","PERMISSIVE","{public}","SELECT","((app_private.get_current_role() = ANY (ARRAY['admin'::text, 'clinic_admin'::text, 'manager'::text, 'therapist'::text, 'staff'::text])) AND app_private.can_access_clinic(clinic_id))",,"UNCLASSIFIED","UNDECIDED","UNKNOWN"
"public","visits","visits_update_for_staff","PERMISSIVE","{public}","UPDATE","((app_private.get_current_role() = ANY (ARRAY['admin'::text, 'clinic_admin'::text, 'manager'::text, 'therapist'::text, 'staff'::text])) AND app_private.can_access_clinic(clinic_id))",,"UNCLASSIFIED","UNDECIDED","UNKNOWN"
